artist_id,song_id,danceability,duration_ms,energy,key,loudness,acousticness,instrumentalness,liveness,valence,tempo
2xiIXseIJcq3nG7C8fHeBj,56sk7jBpZV0CD31G9hEU3b,0.553,231400.0,0.853,8.0,-3.668,0.000684,0.0,0.126,0.506,122.023
2RTUTCvo6onsAnheUk3aL9,0S0d7Qad5v7ZLQiAuwQxab,0.544,233933.0,0.866,11.0,-4.889,0.00547,1.62e-05,0.15,0.51,99.021
2RTUTCvo6onsAnheUk3aL9,3NLrRZoMF0Lx6zTlYqeIo4,0.536,238560.0,0.55,10.0,-6.733,0.0537,0.0,0.134,0.234,144.018
2NhdGz9EDv2FeUw6udu2g1,1OXfWI3FQMdsKKC6lkvzSx,0.698,198467.0,0.844,7.0,-4.549,0.0577,1.69e-05,0.105,0.446,126.937
2NhdGz9EDv2FeUw6udu2g1,2I7TngtQc3oZO0fsyFDUAJ,0.643,198800.0,0.725,7.0,-6.167,0.247,0.0,0.507,0.665,128.002
6MF9fzBmfXghAz953czmBC,4PYTMO1VMWLPVvGUtqkUwv,0.534,188133.0,0.902,8.0,-4.24,0.0271,0.0,0.125,0.548,127.983
1ZKqrja0WvbSssYNFO3lzs,4dWjQ3wEfW6KPaaxCoaPH4,0.595,224093.0,0.923,7.0,-3.449,0.0693,0.0,0.505,0.782,125.029
7oPftvlwr6VrsViSDV7fJY,64yrDBpcdwEdNY9loyEGbX,0.268,321093.0,0.742,5.0,-4.939,0.0518,0.0,0.626,0.416,159.779
7oPftvlwr6VrsViSDV7fJY,6L89mwZXSOwYl76YXfX13s,0.442,181533.0,0.943,3.0,-3.205,0.00293,8.71e-06,0.091,0.781,85.064
7oPftvlwr6VrsViSDV7fJY,0MsrWnxQZxPAcov7c74sSo,0.29,493400.0,0.827,8.0,-3.451,0.000659,2.55e-06,0.301,0.45,167.086
7oPftvlwr6VrsViSDV7fJY,6nTiIhLmQ3FWhvrGafw2zj,0.38,176346.0,0.988,1.0,-2.042,2.64e-05,7.86e-05,0.368,0.769,186.113
0vWCyXMrrvMlCcepuOJaGI,6GIrIt2M39wEGwjCQjGChX,0.423,206520.0,0.94,1.0,-4.012,0.00166,0.0,0.178,0.505,149.934
1h6Cn3P4NGzXbaXidqURXs,4xTIknzHtjrqRQ1hlL2T8W,0.654,410897.0,0.734,0.0,-6.216,0.00314,0.000249,0.0802,0.241,126.995
7dWYWUbO68rXJOcyA7SpJk,27jV5NRauLKolguzqXHcnH,0.751,231867.0,0.807,1.0,-3.698,0.265,0.00331,0.11,0.235,89.996
7oPftvlwr6VrsViSDV7fJY,0MsrWnxQZxPAcov7c74sSo,0.29,493400.0,0.827,8.0,-3.451,0.000659,2.55e-06,0.301,0.45,167.086
37DdwREpvvQHmGLFEZ4h0Q,34NsK15bRsVRGLjsKsUG56,0.643,176773.0,0.986,4.0,-7.021,0.133,0.00758,0.197,0.586,144.972
2DlGxzQSjYe5N6G9nkYghR,0Oe49j06Bjrxs8PltuVeaW,0.763,230907.0,0.679,11.0,-6.299,0.0905,0.000553,0.0949,0.434,129.997
6FBDaR13swtiWwGhX1WQsP,7yCPwWs66K8Ba5lFuU2bcx,0.439,168000.0,0.891,0.0,-4.764,0.0122,0.0,0.547,0.695,148.599
6CwfuxIqcltXDGjfZsMd9A,1wLQq8YbxHgjf9zCDAoH2S,0.66,221075.0,0.689,4.0,-2.671,0.0884,0.0,0.0922,0.427,127.98
51Blml2LZPmy7TTiAg47vQ,5t514bZ4eZPtKJbKfuZJCA,0.541,248040.0,0.906,2.0,-6.938,0.0183,0.000291,0.334,0.489,136.285
6Jrxnp0JgqmeUX1veU591p,0t2QiRkpag0fAgs9zuCPlH,0.642,284400.0,0.931,1.0,-4.142,0.0131,0.825,0.215,0.548,152.005
4NI9CJ8mj82jBvMLSen16L,331kIZW0aTqKVr6efZtBAK,0.358,283237.0,0.782,5.0,-4.056,0.000965,3.3e-05,0.597,0.0956,76.443
6MDME20pz9RveH9rEXvrOM,3s4U7OHV7gnj42VV72eSZ6,0.799,227833.0,0.586,11.0,-6.735,0.162,2.03e-06,0.193,0.549,120.97
2C3zhmYSsLImbUVYF1TSts,7kMdjQHW6J5ZHL81i3Df3W,0.747,186333.0,0.757,11.0,-5.817,0.025,6.81e-06,0.581,0.828,107.015
1h6Cn3P4NGzXbaXidqURXs,2V65y3PX4DkRhy1djlxd9p,0.612,212862.0,0.84,11.0,-3.145,0.112,0.0,0.116,0.438,129.042
70BYFdaZbEKbeauJ670ysI,0CwYG1UnRmOx8Q1EzElCIL,0.46,222067.0,0.796,0.0,-4.501,0.00107,0.0,0.106,0.182,100.011
3sxWOFw4MSN54SIQ8np6iG,7m0lqZb56bTfOJhfw30yXD,0.635,213264.0,0.889,2.0,-3.103,0.0532,0.0,0.316,0.507,149.965
2RhRT6DNOVoDTfS0rG31pZ,0fqnstRDA0oAJiAZIZSCHM,0.488,217461.0,0.894,11.0,-3.924,0.0231,0.0,0.125,0.231,128.07
4UXqAaa6dQYAk18Lv7PEgX,04aAxqtGp5pv12UXAg4pkq,0.385,228360.0,0.866,4.0,-2.817,0.004,0.0,0.111,0.551,176.014
4UXqAaa6dQYAk18Lv7PEgX,2TfSHkHiFO4gRztVIkggkE,0.499,229093.0,0.824,7.0,-4.741,0.00898,0.0,0.163,0.699,161.977
4UXqAaa6dQYAk18Lv7PEgX,5MsZIaCYY6Tsdph0LiB0hE,0.465,203413.0,0.909,9.0,-3.702,0.00159,2.32e-05,0.215,0.593,179.938
4UXqAaa6dQYAk18Lv7PEgX,0bD5aCBb46dEtEVkv9hd1m,0.455,208253.0,0.882,10.0,-5.054,0.00452,0.0,0.0962,0.545,155.026
4UXqAaa6dQYAk18Lv7PEgX,0a7BloCiNzLDD9qSQHh5m7,0.616,180267.0,0.961,11.0,-3.144,0.00494,0.0,0.078,0.523,114.492
4UXqAaa6dQYAk18Lv7PEgX,0l2p5mDOP3czJ2FpD6zWie,0.515,244720.0,0.903,6.0,-3.42,0.0382,7.58e-05,0.151,0.609,105.003
5aYyPjAsLj7UzANzdupwnS,6BLLQndvA0rLbLcIZmuuEJ,0.64,244000.0,0.884,6.0,-2.609,0.0226,0.0,0.187,0.573,124.968
5aYyPjAsLj7UzANzdupwnS,0BRHnOFm6sjxN1i9LJrUDu,0.494,175093.0,0.939,1.0,-3.127,0.00666,0.0,0.139,0.893,177.751
3hv9jJF3adDNsBSIQDqcjp,32OlwWuMpZ6b0aN2RZOeMS,0.856,269667.0,0.609,0.0,-7.223,0.00801,8.15e-05,0.0344,0.928,114.988
1Cs0zKBU1kc0i8ypK3B9ai,2w2lfwoTELQyN940qM7Nfd,0.466,203641.0,0.747,4.0,-4.838,0.417,9.76e-06,0.107,0.43,92.161
1Cs0zKBU1kc0i8ypK3B9ai,77TT8Xvx637TpzV8kKGkUw,0.599,245041.0,0.803,0.0,-3.641,0.069,0.137,0.129,0.233,126.057
1Cs0zKBU1kc0i8ypK3B9ai,6PtXobrqImYfnpIxNsJApa,0.614,170625.0,0.972,5.0,-3.927,0.00125,0.0186,0.328,0.411,127.966
3gggmBN0erstm3YJvEGe3t,13ulx15WFww4s0G1ajlNq6,0.729,213478.0,0.86,7.0,-5.012,0.131,0.0,0.181,0.668,95.016
137W8MRPWKqSmrBGDBFSop,7wqSzGeodspE3V6RBD5W8L,0.689,229526.0,0.481,10.0,-7.503,0.369,1.03e-06,0.0649,0.283,80.025
137W8MRPWKqSmrBGDBFSop,2kzRSiyignH8yzPTrWvyPo,0.653,191320.0,0.711,9.0,-6.454,0.109,0.0,0.443,0.769,160.048
3BmGtnKgCSGYIUhmivXKWX,7FC9Lng8iXU081lbigu8m8,0.49,198733.0,0.798,6.0,-3.66,0.0137,0.0,0.0627,0.479,149.109
3BmGtnKgCSGYIUhmivXKWX,3xrn9i8zhNZsTtcoWgQEAd,0.662,188960.0,0.741,0.0,-5.406,0.00165,0.0303,0.114,0.404,131.0
3BmGtnKgCSGYIUhmivXKWX,6D60klaHqbCl9ySc8VcRss,0.562,221947.0,0.939,0.0,-4.282,0.046,0.0,0.112,0.684,116.044
00FQb4jTyendYWaN8pK0wa,2nMeu6UenVvwUktBCpLMK9,0.307,236053.0,0.425,11.0,-8.924,0.271,3.09e-05,0.11,0.136,108.693
00FQb4jTyendYWaN8pK0wa,6PUIzlqotEmPuBfjbwYWOB,0.564,214912.0,0.811,1.0,-5.734,0.0153,8.72e-06,0.125,0.114,126.007
00FQb4jTyendYWaN8pK0wa,4PMdq7Q7xOFrY424ZelZEb,0.418,214574.0,0.86,2.0,-5.184,0.205,1.39e-05,0.0863,0.206,150.019
7dGJo4pcD2V6oG8kP0tJRR,5Z01UMMf7V1o0MzF86s6WJ,0.698,326467.0,0.732,2.0,-4.522,0.00704,0.000647,0.359,0.0689,171.431
7dGJo4pcD2V6oG8kP0tJRR,48RrDBpOSSl1aLVCalGl5C,0.786,250189.0,0.857,9.0,-3.765,0.0514,0.0,0.112,0.581,110.038
4OBJLual30L7gRl5UkeRcT,4UwtMoKBvYi0mMbH2ZI3uB,0.496,318360.0,0.785,7.0,-3.472,0.0328,0.0,0.0941,0.357,170.02
4OBJLual30L7gRl5UkeRcT,1k2NovMHKHhgGsHxg0aYAS,0.713,299747.0,0.746,0.0,-4.99,0.0402,0.0,0.601,0.47,135.021
01QTIT5P1pFP3QnnFSdsJf,1hWYT0w2R0J19rlVkiez7X,0.517,250320.0,0.811,5.0,-4.526,0.186,0.0,0.105,0.494,168.269
01QTIT5P1pFP3QnnFSdsJf,4NTWZqvfQTlOMitlVn6tew,0.591,239613.0,0.889,7.0,-3.839,0.0189,0.0,0.155,0.65,143.067
53XhwfbYqKCa1cC15pYq2q,4G8gkOterJn0Ywt6uhqbhp,0.478,186813.0,0.799,9.0,-3.614,0.126,0.000106,0.76,0.176,136.268
53XhwfbYqKCa1cC15pYq2q,3LlAyCYU26dvFZBDUIMb7a,0.499,175200.0,0.73,3.0,-2.831,0.23,0.00018,0.378,0.381,90.058
53XhwfbYqKCa1cC15pYq2q,2AGP16NS5LsvnskU9PdafD,0.26,170067.0,0.823,4.0,-6.216,0.0815,0.00223,0.204,0.307,78.772
53XhwfbYqKCa1cC15pYq2q,0Hl7Z3TIEgY0JSbQNDM4ZA,0.565,272680.0,0.547,0.0,-7.707,0.0029,0.0634,0.155,0.0986,112.991
3hozsZ9hqNq7CoBGYNlFTz,1pHP4JeQV9wDx87D6qH9hD,0.537,179813.0,0.882,0.0,-2.306,0.000342,9.06e-05,0.12,0.81,145.729
3AA28KZvwAUcZuOKwyblJQ,0d28khcov6AiegSCpG5TuT,0.818,222640.0,0.705,6.0,-6.679,0.00836,0.00233,0.613,0.772,138.559
04gDigrS5kc9YWfZHwBETP,5eWgDlp3k6Tb5RD8690s6I,0.744,235493.0,0.783,1.0,-7.077,0.0553,0.0,0.086,0.885,120.042
04gDigrS5kc9YWfZHwBETP,4XNrMwGx1SqP01sqkGTDmo,0.71,219467.0,0.8,5.0,-3.439,0.0563,0.0,0.0834,0.635,93.01
1Cs0zKBU1kc0i8ypK3B9ai,3cxp8tr7XAExMiwxdKlCeA,0.718,192663.0,0.873,6.0,-3.268,0.00898,2.06e-05,0.354,0.666,128.033
7e2Y9hVc8xYb6sDCPQszCe,3YxOB0Zd3yrw0N2jbKwIA0,0.272,258000.0,0.95,1.0,-4.269,0.00101,0.932,0.286,0.119,95.198
5ndkK3dpZLKtBklKjxNQwT,2bnDTGikdoO8CwzlAPyBHR,0.665,319293.0,0.878,6.0,-4.745,0.00325,0.0,0.0663,0.394,93.047
5ndkK3dpZLKtBklKjxNQwT,6lV2MSQmRIkycDScNtrBXO,0.66,180480.0,0.867,6.0,-4.285,0.11,0.0,0.0368,0.377,93.033
5ndkK3dpZLKtBklKjxNQwT,03kA9Yu3y69Vxo5I3HxeNd,0.701,227787.0,0.754,0.0,-4.556,0.00537,0.0,0.202,0.619,94.05
1vCWHaC5f2uS3yhpwWbIA6,4h8VwCb1MTGoLKueQ1WgbD,0.518,247427.0,0.784,2.0,-5.659,0.00346,0.00187,0.171,0.588,124.102
1vCWHaC5f2uS3yhpwWbIA6,4RXpgGM7A4Hg7cFBoH5KyF,0.537,255093.0,0.777,7.0,-4.829,0.0279,6.12e-05,0.0838,0.427,124.943
1vCWHaC5f2uS3yhpwWbIA6,5QjJgPU8AJeickx34f7on6,0.605,199904.0,0.873,1.0,-5.938,0.0534,0.837,0.314,0.476,126.026
1vCWHaC5f2uS3yhpwWbIA6,06h3McKzmxS8Bx58USHiMq,0.604,211880.0,0.788,5.0,-6.248,0.171,0.0689,0.132,0.801,128.085
3jOstUTkEu2JkjvRdBA5Gu,4YPhn26bIFm2KUkL1VLzQG,0.635,256880.0,0.435,3.0,-7.521,0.00328,6.78e-06,0.071,0.459,76.098
3jOstUTkEu2JkjvRdBA5Gu,1yKu2MhpwzDXXH2tzG6xoa,0.693,196093.0,0.823,5.0,-3.761,0.0932,0.0,0.328,0.741,87.904
6deZN1bslXzeGvOLaLMOIF,0gmbgwZ8iqyMPmXefof8Yf,0.446,223840.0,0.764,10.0,-5.042,0.00135,0.0,0.099,0.543,172.094
6deZN1bslXzeGvOLaLMOIF,4bCOAuhvjsxbVBM5MM8oik,0.446,190787.0,0.9,10.0,-3.541,0.000102,1.89e-05,0.0404,0.88,187.961
7o95ZoZt5ZYn31e9z1Hc0a,1uigwk5hNV84zRd5YQQRTk,0.721,202907.0,0.88,9.0,-3.896,0.191,0.0,0.0769,0.655,110.021
3sS2Q1UZuUXL7TZSbQumDI,6uQ192yNyZ4W8yoaL0Sb9p,0.663,161719.0,0.355,8.0,-10.318,0.0508,0.936,0.119,0.468,128.06
3sS2Q1UZuUXL7TZSbQumDI,0AytvEztsCRo9B10cKWlCU,0.605,205846.0,0.586,7.0,-7.684,0.00295,0.00282,0.543,0.0977,129.994
3sS2Q1UZuUXL7TZSbQumDI,4fZ48j5YTRoDxrGAOftDVk,0.359,262969.0,0.461,7.0,-8.481,0.0795,0.558,0.059,0.0645,85.345
3sS2Q1UZuUXL7TZSbQumDI,0e8lU53VmWcw495dHejZoA,0.429,277273.0,0.679,0.0,-8.823,0.00187,0.298,0.0804,0.0965,132.007
6hNxC30ANDdLNPniFwnNKi,2Y6i29Vw1XJLzj59kd93qI,0.491,195870.0,0.698,11.0,-6.718,0.0291,0.0,0.114,0.207,140.015
2x1aWV542MzeFQwUxsUeDK,23062qFelDaObxOPDRkVCq,0.582,137000.0,0.907,2.0,-4.374,0.0826,0.239,0.0926,0.553,170.01
5BcAKTbp20cv7tC5VqPFoC,3bidbhpOYeV4knp8AIu8Xn,0.641,258343.0,0.922,2.0,-4.457,0.0291,0.0,0.0862,0.847,146.078
5BcAKTbp20cv7tC5VqPFoC,1CmUZGtH29Kx36C1Hleqlz,0.781,235613.0,0.526,6.0,-6.985,0.0619,0.0,0.0457,0.662,94.992
3AQRLZ9PuTAozP28Skbq8V,1X1DWw2pcNZ8zSub3uhlNz,0.421,202533.0,0.873,10.0,-4.343,0.0653,0.0,0.123,0.63,84.803
085pc2PYOi8bGKj0PNjekA,2iJuuzV8P9Yz0VSurttIV5,0.772,283400.0,0.687,0.0,-6.834,0.0225,5.93e-05,0.129,0.486,130.023
23zg3TcAtWQy7J6upgbUnj,3r04p85xiJh9Wqk59YDYdc,0.781,269493.0,0.745,4.0,-5.81,0.198,1.14e-05,0.36,0.326,129.998
085pc2PYOi8bGKj0PNjekA,01TuObJVd7owWchVRuQbQw,0.791,279507.0,0.615,6.0,-6.149,0.00162,6.47e-05,0.0812,0.393,128.017
0qT79UgT5tY4yudH9VfsdT,1OTvWduKQV0MQd2gnGM9He,0.164,291360.0,0.859,4.0,-4.031,0.0112,0.0,0.179,0.128,175.118
6XyY86QOPPrYVGvF9ch6wz,60a0Rd6pjrkxjPbaKzXjfq,0.542,216933.0,0.853,3.0,-6.407,0.0103,0.0,0.108,0.37,105.256
6XyY86QOPPrYVGvF9ch6wz,2nLtzopw4rPReszdYBJU6h,0.496,185587.0,0.863,9.0,-4.153,0.0046,0.0,0.639,0.243,110.018
3nFkdlSjzX9mRTtwJOzDYB,7dyluIqv7QYVTXXZiMWPHW,0.685,205280.0,0.803,2.0,-4.251,0.0601,0.0,0.546,0.799,107.005
6XyY86QOPPrYVGvF9ch6wz,4HcDu9IGRCvSTJE4yW5Ugv,0.579,196907.0,0.849,4.0,-5.218,0.108,0.0,0.0909,0.581,100.021
0zOcE3mg9nS6l3yxt1Y0bK,5fVZC9GiM4e8vu99W0Xf6J,0.64,262533.0,0.743,10.0,-4.08,0.269,0.0,0.101,0.361,122.035
0zOcE3mg9nS6l3yxt1Y0bK,4IoYz8XqqdowINzfRrFnhi,0.338,241853.0,0.803,8.0,-5.412,0.0187,0.0,0.136,0.4,151.994
0zOcE3mg9nS6l3yxt1Y0bK,1N62wozuHCvczCkY4QidpP,0.592,236267.0,0.729,8.0,-4.156,0.022,0.0,0.0653,0.709,116.03
6XyY86QOPPrYVGvF9ch6wz,6Wx88Mv6b9ofjKMKkdwOJd,0.493,268613.0,0.808,5.0,-3.365,0.000235,0.0,0.0983,0.38,117.971
6XyY86QOPPrYVGvF9ch6wz,18lR4BzEs7e3qzc0KVkTpU,0.623,205613.0,0.93,5.0,-5.285,0.0141,1.64e-06,0.138,0.287,120.119
0Ty63ceoRnnJKVEYP0VQpk,4NlLZ2WkhJamPaeD9MfL5c,0.577,286107.0,0.605,0.0,-10.031,0.0122,0.0,0.106,0.141,112.011
5BtHciL0e0zOP7prIHn3pP,6wDVNn4STCopwfQ9lFO2iR,0.526,189320.0,0.928,1.0,-3.734,3.98e-05,0.0401,0.0845,0.544,99.004
3Ngh2zDBRPEriyxQDAMKd1,3P0DZ53GdMzwP3brAHaMkU,0.256,228707.0,0.788,6.0,-5.263,0.0298,0.0,0.707,0.429,80.718
3Ngh2zDBRPEriyxQDAMKd1,7p7rK9Iuef2LZzZt7hkP6S,0.571,180947.0,0.963,7.0,-3.54,0.0195,0.0,0.104,0.911,160.033
4gzpq5DPGxSnKTe4SA8HAU,0FDzzruyVECATHXKHFs9eJ,0.551,268467.0,0.636,6.0,-7.125,0.00713,0.00203,0.217,0.153,124.996
4gzpq5DPGxSnKTe4SA8HAU,3AJwUDP919kvQ9QcozQPxg,0.429,266773.0,0.661,11.0,-7.227,0.00239,0.00013,0.234,0.285,173.365
4gzpq5DPGxSnKTe4SA8HAU,1mea3bSkSGXuIRvnydlB5b,0.485,242373.0,0.619,5.0,-7.115,0.0941,3.31e-06,0.109,0.416,138.017
2xiIXseIJcq3nG7C8fHeBj,56sk7jBpZV0CD31G9hEU3b,0.553,231400.0,0.853,8.0,-3.668,0.000684,0.0,0.126,0.506,122.023
0vWCyXMrrvMlCcepuOJaGI,6GIrIt2M39wEGwjCQjGChX,0.423,206520.0,0.94,1.0,-4.012,0.00166,0.0,0.178,0.505,149.934
1yxSLGMDHlW21z4YXirZDS,3CNqo3gYrfexdrtjFmC9he,0.835,272533.0,0.706,5.0,-3.219,0.104,0.0,0.137,0.843,94.086
1yxSLGMDHlW21z4YXirZDS,6btyEL6NwUa97Nex9cZFvo,0.646,213067.0,0.923,9.0,-3.108,0.0109,0.0,0.746,0.74,153.659
1ZKqrja0WvbSssYNFO3lzs,4dWjQ3wEfW6KPaaxCoaPH4,0.595,224093.0,0.923,7.0,-3.449,0.0693,0.0,0.505,0.782,125.029
5Y5TRrQiqgUO4S36tzjIRZ,6ucR4KfvsBFWCMVFDvyKKl,0.654,184400.0,0.61,8.0,-6.051,0.0399,0.0,0.101,0.118,118.032
2gBjLmx6zQnFGQJCAQpRgw,3PfeAZbfD134dO6OiLDA2Y,0.464,237987.0,0.756,1.0,-6.094,0.0413,0.0,0.124,0.0914,180.094
0C0XlULifJtAgn6ZNCW2eu,7oK9VyNzrYvRFo7nQEYkWN,0.33,222587.0,0.936,1.0,-3.66,0.00108,0.0,0.0926,0.234,148.112
0C0XlULifJtAgn6ZNCW2eu,7HGTkn2aX7MNdKs7nV2xBt,0.5,197160.0,0.975,10.0,-3.176,0.000123,0.000379,0.104,0.767,138.005
37DdwREpvvQHmGLFEZ4h0Q,0lhlNZ2Oe3LQHVuuR2W7k3,0.645,176453.0,0.986,4.0,-7.058,0.168,0.0147,0.19,0.514,144.972
66CXWjxzNUsdJxJ2JdwvnR,12KUFSHFgT0XCoiSlvdQi4,0.687,214840.0,0.702,7.0,-5.324,0.0064,4.35e-05,0.204,0.284,129.956
0jnsk9HBra6NMjO2oANoPY,4bZd0nRuX8HyjeXAUBczvm,0.693,223800.0,0.822,4.0,-5.441,0.00616,1.79e-06,0.315,0.763,126.035
0jnsk9HBra6NMjO2oANoPY,3bC1ahPIYt1btJzSSEyyrF,0.747,224653.0,0.937,0.0,-5.746,0.0208,0.0,0.29,0.739,103.976
2qxJFvFYMEDqd7ui6kSAcq,6izhPbUU3CeMYvTT74YHnb,0.561,238800.0,0.877,9.0,-2.215,0.00621,8.11e-06,0.28,0.375,130.003
4gwpcMTbLWtBUlOijbVpuu,6Z8R6UsFuGXGtiIxiD8ISb,0.656,192790.0,0.821,0.0,-4.838,0.000194,0.00232,0.101,0.791,117.948
4gwpcMTbLWtBUlOijbVpuu,1leXuBiWQMgbvOIIedqbLB,0.764,223187.0,0.579,5.0,-5.086,0.00694,0.000654,0.0305,0.975,100.0
4gwpcMTbLWtBUlOijbVpuu,0NYLOvWtvJdyeceDD9R1Vw,0.611,202922.0,0.856,9.0,-4.466,0.00489,2.82e-06,0.0997,0.361,123.001
53M4Iv2RkzzxFFvW2B1jhC,3Yr4gXagnFlMVGpMWAkOPa,0.666,210200.0,0.839,6.0,-4.629,0.00718,0.0,0.054,0.792,122.955
5WUlDfRSoLAfcVSX1WnrxN,4VrWlk8IQxevMvERoX08iC,0.399,216120.0,0.787,1.0,-2.88,0.0197,6.07e-05,0.0685,0.572,117.089
74XFHRwlV6OrjEM0A2NCMF,1j8z4TTjJ1YOdoFEDwJTQa,0.61,296520.0,0.893,9.0,-3.681,0.154,4.41e-05,0.021,0.673,104.031
6yhD1KjhLxIETFF7vIRf8B,2rHEKIctPLM0wPlD9TyYeF,0.57,203500.0,0.896,6.0,-2.407,0.00329,0.0,0.195,0.897,135.073
6yhD1KjhLxIETFF7vIRf8B,4TJm8X1IrngREA84YHPz5G,0.538,185250.0,0.926,7.0,-2.553,4.41e-05,0.0,0.0876,0.636,124.993
6yhD1KjhLxIETFF7vIRf8B,3MpwmYhbhZxMv1GNm1Db0K,0.672,199750.0,0.808,4.0,-3.561,0.332,0.0,0.0807,0.831,89.978
5ndkK3dpZLKtBklKjxNQwT,3r9bgSJlJz2zlevcBRYXko,0.677,216120.0,0.722,7.0,-7.088,0.0213,0.0,0.207,0.0483,125.091
0daugAjUgbJSqdlyYNwIbT,7eVZbb7YlUopOeuiyRcJ7Z,0.72,393750.0,0.77,11.0,-4.069,0.035,1.88e-06,0.46,0.217,127.996
5ChF3i92IPZHduM7jN3dpg,4ptig7QTAVpX2U8Oxxv7ZO,0.637,282279.0,0.911,6.0,-4.272,0.00411,0.0494,0.0772,0.257,128.007
5R3Hr2cnCCjt220Jmt2xLf,6fufYn0nM2OzxMY6VnBpkB,0.653,293013.0,0.773,1.0,-4.972,0.0102,5.31e-05,0.271,0.558,127.961
3AQRLZ9PuTAozP28Skbq8V,38xWaVFKaxZlMFvzNff2aW,0.63,261427.0,0.698,10.0,-4.51,0.173,0.0,0.0789,0.529,94.023
0daugAjUgbJSqdlyYNwIbT,7deMAYxxdfvibg3HxhbWJ7,0.568,281125.0,0.936,0.0,-5.209,0.0161,0.0421,0.371,0.34,140.003
0daugAjUgbJSqdlyYNwIbT,0rCuRc07y6l1kPYj0JSRg5,0.527,214326.0,0.845,1.0,-3.721,0.0335,0.000127,0.144,0.554,128.023
3AQRLZ9PuTAozP28Skbq8V,37sINbJZcFdHFAsVNsPq1i,0.491,245467.0,0.885,3.0,-4.121,0.00219,0.0,0.0741,0.641,166.992
1Cs0zKBU1kc0i8ypK3B9ai,2QD4C6RRHgRNRAyrfnoeAo,0.7,201000.0,0.925,8.0,-1.648,0.167,0.0,0.28,0.79,130.036
0X2BH1fck6amBIoJhDVmmJ,1ip2IGDWMrUmlaepEbWlL8,0.255,250267.0,0.652,5.0,-5.909,0.246,0.0,0.119,0.281,189.633
7qG3b048QCHVRO5Pv1T5lw,1yM7GIEJ2QniupkEHOyp0a,0.722,243240.0,0.845,7.0,-3.527,0.073,0.0,0.0597,0.945,90.958
66CXWjxzNUsdJxJ2JdwvnR,7xoUc6faLbCqZO6fQEYprd,0.628,197267.0,0.593,8.0,-5.036,0.093,1.65e-06,0.096,0.104,125.026
6s22t5Y3prQHyaHWUN1R1C,3i78lP1Y35m6Idgnbw9Fow,0.521,239693.0,0.716,0.0,-4.838,0.00543,0.0,0.0895,0.389,105.034
6eUKZXaKkcviH0Ku9w2n3V,1huvTbEYtgltjQRXzrNKGi,0.806,219840.0,0.608,1.0,-7.008,0.0113,0.0,0.635,0.849,95.049
2ysnwxxNtSgbb9t1m2Ur4j,7q0aQpiLv5tIsupcgQ3Ny4,0.717,200733.0,0.455,5.0,-8.303,0.0846,0.0,0.11,0.389,127.81
6MDME20pz9RveH9rEXvrOM,3s4U7OHV7gnj42VV72eSZ6,0.799,227833.0,0.586,11.0,-6.735,0.162,2.03e-06,0.193,0.549,120.97
6VxCmtR7S3yz4vnzsJqhSV,21Go4aMyLGP40ANI3TU0Fn,0.708,218228.0,0.779,7.0,-6.28,0.421,0.00176,0.115,0.46,142.012
7DwRUbeUcxTRgfRGdqCpe7,5zwtK7TjoKdRCS3NloH4g5,0.603,116049.0,0.687,7.0,-5.578,0.00193,0.477,0.0676,0.234,140.042
6JL8zeS1NmiOftqZTRgdTz,3cU2wBxuV6nFiuf6PJZNlC,0.655,184227.0,0.782,1.0,-4.789,0.375,0.0,0.317,0.832,79.427
0jnsk9HBra6NMjO2oANoPY,6N9ZOtguCnnrvwH7zD82WJ,0.657,190186.0,0.827,5.0,-4.036,0.000704,0.00534,0.065,0.69,145.889
2gBjLmx6zQnFGQJCAQpRgw,06iMqWThw4w8fTFyccvOwr,0.854,291782.0,0.692,7.0,-6.625,0.0668,0.0,0.247,0.753,101.865
7H55rcKCfwqkyDFH9wpKM6,6lanRgr6wXibZr8KgzXxBl,0.421,285120.0,0.407,10.0,-7.445,0.309,0.000961,0.11,0.161,139.028
4AK6F7OLvEQ5QYCBNiQWHq,5O2P9iiztwhomNh8xkR9lJ,0.672,226600.0,0.52,8.0,-7.747,0.859,0.0,0.115,0.37,120.001
7o95ZoZt5ZYn31e9z1Hc0a,1D1nixOVWOxvNfWi0UD7VX,0.706,259333.0,0.801,5.0,-6.333,0.00577,0.0,0.0822,0.63,100.013
29WzbAQtDnBJF09es0uddn,2nGFzvICaeEWjIrBrL2RAx,0.739,215360.0,0.511,9.0,-7.844,0.167,1.34e-06,0.133,0.542,96.038
3mC1KCuZZSOlN8Z0M56VsV,3gZlgIyG8blRDwrXgQ3lDe,0.516,233707.0,0.318,11.0,-14.061,0.51,0.0,0.125,0.525,76.199
07YZf4WDAMNwqr4jfgOZ8y,0HFx7PLqzGxSfN59j3UHmR,0.775,207719.0,0.68,0.0,-5.508,0.00906,0.0,0.109,0.656,114.025
3lPQ2Fk5JOwGWAF3ORFCqH,3vmOEg3JBiNxaz0mHxPSPC,0.812,256093.0,0.407,9.0,-8.152,0.0338,3.83e-06,0.0555,0.584,103.968
6TcnmlCSxihzWOQJ8k0rNS,42et6fnHCw1HIPSrdPprMl,0.64,268360.0,0.864,7.0,-6.576,0.00832,0.0,0.123,0.7,102.026
5Pwc4xIPtQLFEnJriah9YJ,1NrJYpdAi7uosDRPmSYrsG,0.591,208107.0,0.718,8.0,-6.025,0.348,0.000118,0.107,0.468,117.995
5MouCg6ta7zAxsfMEbc1uh,2XPc8gL9PwxGURQFcFaDJR,0.777,181827.0,0.663,4.0,-6.117,0.146,1.52e-05,0.174,0.614,118.016
100sLnojEpcadRx4edEBA6,0x4PpF7rUSa9qyImMgsFsg,0.636,176573.0,0.709,6.0,-5.221,0.0826,0.0,0.285,0.435,80.962
100sLnojEpcadRx4edEBA6,6qhbaLaVXLbV6aq80GvITr,0.599,185693.0,0.798,1.0,-3.171,0.0335,0.000107,0.168,0.553,122.923
4cmArJzwAXzlONcNrHkUM4,3ZWfk4Bi9o4fp7iNAjpXV7,0.394,210090.0,0.93,10.0,-5.788,0.000506,0.0,0.318,0.71,174.064
3Edq1eT7m7GX0PvHW7yEDF,0W8WghtOhiW2zy7QJbK1lr,0.74,193667.0,0.584,10.0,-5.983,0.00182,0.0,0.0783,0.811,113.99
1PbBg2aYjWLKRk84zJK15x,3WKg25vrbjJlkhsgl2W4p3,0.646,220627.0,0.431,6.0,-8.517,0.637,6.99e-06,0.113,0.292,90.034
07YZf4WDAMNwqr4jfgOZ8y,2zJZwWF7BTGIIvrAlgzJEx,0.615,221253.0,0.711,11.0,-5.507,0.0444,0.0,0.145,0.711,144.036
4UXqAaa6dQYAk18Lv7PEgX,2XW3MZUoXb4MhIVAN7dVzD,0.62,211827.0,0.968,4.0,-2.65,0.115,0.000137,0.392,0.696,149.969
0Cd6nHYwecCNM1sVEXKlYr,2SHnUyZq0zwmvRIl4WY77G,0.663,290760.0,0.822,9.0,-2.909,0.00413,0.00318,0.234,0.567,128.002
5P5FTygHyx2G57oszR3Wot,0wIhWLNLIOmzQ89B3rtTd3,0.423,214831.0,0.912,10.0,-3.232,0.0525,0.0,0.245,0.338,145.942
4UXqAaa6dQYAk18Lv7PEgX,07cY8RVMoK11sRdLIUINW6,0.468,201373.0,0.994,9.0,1.315,0.0149,1.8e-06,0.134,0.358,174.035
0Cd6nHYwecCNM1sVEXKlYr,2tI2DDT95lnvNhlPWZRMJ3,0.538,205160.0,0.943,5.0,-0.906,0.0262,0.0,0.28,0.229,173.932
5ChF3i92IPZHduM7jN3dpg,17yQvoztJWobwZD6o0O8zi,0.675,337520.0,0.881,0.0,-2.506,0.0093,5.92e-05,0.334,0.221,127.981
5P5FTygHyx2G57oszR3Wot,0VKYHUrAXZnzLpNh9YFckH,0.556,266640.0,0.686,0.0,-5.691,0.00283,0.0,0.0667,0.42,105.99
4sTQVOfp9vEMCemLw50sbu,4qABfS1RaGVXdBhj2BQyhO,0.506,227074.0,0.805,1.0,-4.119,0.00711,0.00193,0.0856,0.383,126.008
28j8lBWDdDSHSSt5oPlsX2,2GQEM9JuHu30sGFvRYeCxz,0.867,223480.0,0.477,9.0,-7.183,0.00843,0.175,0.113,0.614,124.979
6Hizgjo92FnMp8wGaRUNTn,4cKGldbhGJniI8BrB3K6tb,0.637,257067.0,0.759,3.0,-6.389,0.0504,0.0,0.0642,0.741,93.898
4AVFqumd2ogHFlRbKIjp1t,0YzCQcsgj6KqwBHVx1mZrH,0.509,209867.0,0.752,5.0,-4.127,0.0334,0.0,0.262,0.376,125.87
47mIJdHORyRerp4os813jD,5PO56MKO8gMq1PSwWdeAA7,0.51,134941.0,0.886,1.0,-7.398,0.000976,0.916,0.105,0.227,170.055
1vCWHaC5f2uS3yhpwWbIA6,06h3McKzmxS8Bx58USHiMq,0.604,211880.0,0.788,5.0,-6.248,0.171,0.0689,0.132,0.801,128.085
47mIJdHORyRerp4os813jD,32IMcJ5pQ71rOFD0bIdneJ,0.434,154960.0,0.884,7.0,-7.128,0.000728,0.00458,0.105,0.191,180.029
5ifc6CQgjKH3yMzyzTenSz,5cr5x6P4jXpDJE4KgkCdDY,0.742,188403.0,0.592,1.0,-6.276,0.397,0.0,0.282,0.328,125.979
4UXqAaa6dQYAk18Lv7PEgX,3Te8uLyit6X3ncNW8Fp3K2,0.613,189387.0,0.874,2.0,-3.594,0.00139,1.82e-06,0.656,0.543,108.038
1vCWHaC5f2uS3yhpwWbIA6,4RXpgGM7A4Hg7cFBoH5KyF,0.537,255093.0,0.777,7.0,-4.829,0.0279,6.12e-05,0.0838,0.427,124.943
3vAaWhdBR38Q02ohXqaNHT,6ihL9TjfRjadfEePzXXyVF,0.714,213107.0,0.725,4.0,-6.411,0.0156,0.0,0.0726,0.59,99.988
3vAaWhdBR38Q02ohXqaNHT,5lDriBxJd22IhOH9zTcFrV,0.453,193653.0,0.942,10.0,-4.256,0.0004,2.65e-06,0.667,0.457,143.85
3vAaWhdBR38Q02ohXqaNHT,2l57cfmCnOkwNX1tky02n1,0.529,238880.0,0.922,3.0,-3.84,0.000198,0.0,0.26,0.628,109.847
3vAaWhdBR38Q02ohXqaNHT,1FMHNVeJ9s1x1l1WlaRs2I,0.335,244827.0,0.676,0.0,-4.68,0.00275,0.0,0.141,0.341,175.845
3vAaWhdBR38Q02ohXqaNHT,4jVhSbMMHctghoOTFuLPB2,0.54,233267.0,0.691,7.0,-5.888,7.78e-05,0.331,0.0413,0.367,127.946
3vAaWhdBR38Q02ohXqaNHT,1aWYAQICESeHj2Xauv1Zfd,0.435,208600.0,0.893,7.0,-5.238,0.000667,2.52e-05,0.382,0.433,164.29
3qm84nBOXUEQ2vnTfUTTFC,5Q41NLTmGbVPozwHKK7bk2,0.274,406307.0,0.949,11.0,-8.642,0.0214,0.00778,0.218,0.497,100.346
4MVyzYMgTwdP7Z49wAZHx0,7r45JFRfUkMjj5PHdAmRYk,0.612,283733.0,0.628,7.0,-10.385,0.247,0.000194,0.0907,0.927,97.903
5ujCegv1BRbEPTCwQqFk6t,1fFNSZQFnnPMLzGYZfs0jk,0.81,233667.0,0.928,7.0,-5.319,0.155,1.47e-06,0.0598,0.973,142.405
0L8ExT028jH3ddEcZwqJJ5,48UPSzbZjgc449aqz8bxox,0.592,329733.0,0.767,9.0,-2.788,0.0021,0.00165,0.127,0.328,96.483
0L8ExT028jH3ddEcZwqJJ5,23NPGXlSaIqWzvxIRhM2oG,0.554,265507.0,0.49,4.0,-8.046,0.0168,0.000534,0.136,0.513,84.275
0L8ExT028jH3ddEcZwqJJ5,6fgbQt13JlpN59PytgTMsA,0.427,334667.0,0.9,11.0,-3.674,0.116,1.75e-05,0.119,0.599,104.655
0L8ExT028jH3ddEcZwqJJ5,1G391cbiT3v3Cywg8T7DM1,0.595,215907.0,0.717,0.0,-4.803,0.0779,0.00274,0.108,0.547,88.969
0L8ExT028jH3ddEcZwqJJ5,3ZOEytgrvLwQaqXreDs2Jx,0.618,269000.0,0.938,9.0,-3.442,0.0179,0.0,0.167,0.875,91.455
4iiQabGKtS2RtTKpVkrVTw,4bcMxSXijaZ9cGXynsRD3I,0.549,166787.0,0.913,4.0,-4.22,6.11e-05,1.55e-06,0.179,0.335,113.073
4iiQabGKtS2RtTKpVkrVTw,3c7vquF4xacCmFrxztLUVH,0.624,216560.0,0.878,8.0,-2.934,0.000457,0.0,0.0656,0.878,119.106
7EQ0qTo7fWT7DPxmxtSYEc,3gbBpTdY8lnQwqxNCcf795,0.681,214148.0,0.715,9.0,-6.318,0.078,0.0,0.275,0.593,127.429
2gBjLmx6zQnFGQJCAQpRgw,3ZdJffjzJWFimSQyxgGIxN,0.554,237800.0,0.764,1.0,-6.129,0.0413,0.0,0.123,0.0991,90.0
2MqhkhX4npxDZ62ObR5ELO,58AwxWLaRHn2lTqqH9dLkU,0.46,232707.0,0.637,4.0,-5.671,0.0126,0.0,0.162,0.073,82.984
5K4W6rqBFWDnAN6FQUkS6x,6C7RJEIUDqKkJRZVWdkfkH,0.625,311867.0,0.726,10.0,-7.731,0.00728,0.0,0.318,0.483,103.98
2NdeV5rLm47xAvogXrYhJX,3qEu5RQnsEcSBX8SkiwJEG,0.935,202027.0,0.526,7.0,-10.085,0.0387,0.000547,0.0461,0.854,113.055
1Cs0zKBU1kc0i8ypK3B9ai,5b2bu6yyATC1zMXDGScJ2d,0.596,192560.0,0.73,9.0,-4.091,0.24,0.0,0.325,0.525,85.979
3rIZMv9rysU7JkLzEaC5Jp,11bD1JtSjlIgKgZG2134DZ,0.557,267933.0,0.609,9.0,-4.463,0.193,7.69e-05,0.135,0.172,104.01
31TPClRtHm23RisEBtV3X7,13X42np3KJr0o2LkK1MG76,0.771,276160.0,0.676,4.0,-6.018,0.285,4.49e-06,0.546,0.804,119.997
2jw70GZXlAI8QzWeY2bgRc,3SwlakM6VX47IwG0Wll5ek,0.807,242373.0,0.97,10.0,-6.056,0.0536,6.6e-05,0.149,0.876,114.297
7xTcuBOIAAIGDOSvwYFPzk,0mUyMawtxj1CJ76kn9gIZK,0.599,233640.0,0.785,3.0,-4.013,0.448,0.00336,0.151,0.52,140.046
4phGZZrJZRo4ElhRtViYdl,1EzrEOXmMH3G43AXT1y7pA,0.686,242187.0,0.457,11.0,-8.322,0.595,0.0,0.105,0.718,150.953
0jnsk9HBra6NMjO2oANoPY,0CAfXk7DXMnon4gLudAp7J,0.918,231400.0,0.609,10.0,-5.64,0.0928,0.0,0.139,0.304,128.008
4KWTAlx2RvbpseOGMEmROg,74EV0g12ihUoOUXMprFpZB,0.672,267733.0,0.841,9.0,-5.992,0.0767,0.0,0.135,0.82,125.437
4KWTAlx2RvbpseOGMEmROg,2oSpQ7QtIKTNFfA08Cy0ku,0.383,246933.0,0.893,7.0,-8.638,0.026,0.0,0.0251,0.803,205.544
0TnOYISbd1XYRBk9myaseg,3cHyrEgdyYRjgJKSOiOtcS,0.581,204160.0,0.963,11.0,-4.087,0.0295,0.0,0.139,0.788,129.992
6LqNN22kT3074XbTVUrhzX,6mnjcTmK8TewHfyOp3fC9C,0.711,211920.0,0.7,1.0,-4.805,0.00498,0.000125,0.215,0.801,128.001
6LqNN22kT3074XbTVUrhzX,4srpHYFHKjVGRDNHqRpWxi,0.755,199693.0,0.832,2.0,-2.741,0.0746,1.27e-06,0.291,0.735,120.032
1yxSLGMDHlW21z4YXirZDS,3evTG0FJEHFYmgOeFgPo0s,0.795,284413.0,0.591,11.0,-6.825,0.00536,2.28e-05,0.132,0.511,130.014
5tKXB9uuebKE34yowVaU3C,5vlEg2fT4cFWAqU5QptIpQ,0.706,182307.0,0.751,9.0,-6.323,0.173,0.0,0.168,0.195,91.031
07QEuhtrNmmZ0zEcqE9SF6,3DamFFqW32WihKkTVlwTYQ,0.591,228347.0,0.649,3.0,-6.72,0.0294,0.0,0.133,0.489,90.002
07QEuhtrNmmZ0zEcqE9SF6,1kPpge9JDLpcj15qgrPbYX,0.559,205933.0,0.882,3.0,-4.281,0.0314,1.71e-05,0.605,0.634,126.064
2qk9voo8llSGYcZ6xrBzKx,5VGlqQANWDKJFl0MBG3sg2,0.276,230760.0,0.715,0.0,-5.356,0.00552,0.000417,0.201,0.173,137.028
4pADjHPWyrlAF0FA7joK2H,7LP4Es66zdY7CyjepqmvAg,0.663,212107.0,0.693,11.0,-4.505,0.0149,0.0,0.0778,0.71,66.002
6LqNN22kT3074XbTVUrhzX,5jaz6aiRknA63NIYWdbr2O,0.739,204827.0,0.818,8.0,-5.062,0.008,0.00504,0.164,0.713,119.982
2RhRT6DNOVoDTfS0rG31pZ,53vJGKfm25KT22hXvCTU4I,0.82,316860.0,0.705,7.0,-6.769,0.0412,0.0218,0.0523,0.799,127.983
4UXqAaa6dQYAk18Lv7PEgX,53AuxddsgPSlqM619nJhSd,0.57,244960.0,0.962,4.0,-2.989,0.000436,1.73e-06,0.59,0.383,138.013
58lV9VcRSjABbAbfWS6skp,4KaHvV6CcOI9F0WDdToZdv,0.541,224600.0,0.936,0.0,-3.038,0.0302,3.03e-06,0.363,0.488,120.06
5MmVJVhhYKQ86izuGHzJYA,1JAnC4VkVIbO7C6Vislnue,0.712,183533.0,0.596,1.0,-5.31,0.0302,3.32e-06,0.13,0.879,95.994
0jnsk9HBra6NMjO2oANoPY,0CAfXk7DXMnon4gLudAp7J,0.918,231400.0,0.609,10.0,-5.64,0.0928,0.0,0.139,0.304,128.008
5ILrArfIV0tMURcHJN8Q07,6Qm9MaditCcx5V62rVHYqu,0.56,237440.0,0.825,11.0,-3.794,0.314,0.0,0.227,0.339,94.931
26dSoYclwsYLMAKD3tpOr4,717TY4sfgKQm4kFbYQIzgo,0.774,198813.0,0.847,5.0,-3.925,0.0279,0.0183,0.241,0.923,143.011
1Cs0zKBU1kc0i8ypK3B9ai,3djPwpsQAnp8B8gC81e7fk,0.662,210081.0,0.873,0.0,-3.116,0.0292,0.0,0.224,0.592,129.902
6yhD1KjhLxIETFF7vIRf8B,57UeXVfGuRB5vs6b0hRD3y,0.525,194000.0,0.943,7.0,-3.67,0.00309,0.0,0.2,0.684,152.035
0UWZUmn7sybxMCqrw9tGa7,129lYDVKnWtlJc2PZJviuA,0.678,205373.0,0.845,7.0,-3.527,0.0585,0.0,0.0942,0.954,97.002
4UXqAaa6dQYAk18Lv7PEgX,0XJDfLHO7C6b0GpjeB5mpu,0.555,281080.0,0.793,9.0,-6.246,0.0731,7.71e-05,0.0995,0.462,144.941
1LOB7jTeEV14pHai6EXSzF,2E01JGJGMa5gW1PmqAWYXG,0.55,246447.0,0.875,11.0,-0.755,0.0665,0.0,0.658,0.291,113.707
3zxKH0qp3nBCuPZCZT5Vaf,23oxJmDc1V9uLUSmN2LIvx,0.486,198267.0,0.904,6.0,-3.751,3.43e-05,2.83e-05,0.0947,0.786,173.734
545idYhdloaSlLGBY8E9u2,7LoGfKBAaOl0nxhodJ1240,0.885,261000.0,0.82,6.0,-13.054,0.0511,0.00263,0.0458,0.853,116.217
04gDigrS5kc9YWfZHwBETP,4Fqf6sRaSGQppXHwO0gZs3,0.359,191506.0,0.912,4.0,-4.054,0.0592,0.0,0.853,0.365,121.339
04gDigrS5kc9YWfZHwBETP,5uVji14OWpj9HMKLXdhjAv,0.54,224400.0,0.766,4.0,-5.148,0.000248,0.0,0.641,0.176,98.932
3QLIkT4rD2FMusaqmkepbq,6bRbeEgg8v8BQ0HuVuPE7v,0.639,204067.0,0.707,7.0,-5.062,0.0881,0.0,0.176,0.352,87.944
6A43Djmhbe9100UwnI7epV,3OOFEF20WqtsUPcRbPY3L7,0.778,204133.0,0.899,2.0,-6.552,0.0028,0.0345,0.0263,0.881,119.995
7dGJo4pcD2V6oG8kP0tJRR,1mHRciKUBSGQml3mQFGMsf,0.758,310720.0,0.616,0.0,-5.25,0.0619,9.44e-06,0.121,0.134,83.707
5BtHciL0e0zOP7prIHn3pP,0faXHILILebCGnJBPU6KJJ,0.391,200547.0,0.963,10.0,-4.378,5.86e-05,0.0689,0.14,0.364,167.065
677o3tYf3N8f8Ef4XY2tZa,2iZI2oFsOEUNK4gouZaU29,0.489,204067.0,0.824,2.0,-5.085,0.0141,1.94e-06,0.189,0.468,120.19
0OuSnRyi1OkLPkR4AqzJwi,407vJkfEQMGDu1MVCWNnMX,0.533,201627.0,0.903,11.0,-2.984,0.000742,0.0777,0.0641,0.476,130.989
6DPYiyq5kWVQS4RGwxzPC7,70ATm56tH7OrQ1zurYssz0,0.591,283733.0,0.934,3.0,-4.389,0.0996,1.81e-06,0.348,0.452,155.968
50OApTJurDusIo9dGTqSU4,7cQw68C5DPirUJRzy3fOnN,0.76,189399.0,0.886,9.0,-5.356,0.0219,7.43e-06,0.623,0.78,123.002
6tW9jWf8lpuzDzAdVMvNMV,598nCowubD5gn7n1MNKK4K,0.664,248267.0,0.809,1.0,-6.439,0.0415,0.00012,0.0922,0.703,121.952
6Wr3hh341P84m3EI8qdn9O,1wVUjggKup9hP2jd24gLSg,0.428,199213.0,0.995,8.0,-2.936,0.000378,0.000345,0.121,0.496,105.505
0qT79UgT5tY4yudH9VfsdT,1xKeUEKkSlvciqvP0Q0u5A,0.38,206160.0,0.902,1.0,-4.919,0.00329,4.02e-06,0.281,0.244,162.757
2l35CQqtYRh3d8ZIiBep4v,5x9VIW2fS21JMswOt6AORI,0.713,175333.0,0.781,1.0,-4.859,0.0353,0.0,0.155,0.8,102.078
7H55rcKCfwqkyDFH9wpKM6,0HZhYMZOcUzZKSFwPOti6m,0.349,246587.0,0.348,3.0,-6.142,0.726,0.0,0.12,0.0886,74.541
7H55rcKCfwqkyDFH9wpKM6,1QUpqu8865jfasDr8M3IKN,0.421,285120.0,0.407,10.0,-7.445,0.309,0.000961,0.11,0.161,139.028
0EmeFodog0BfCgMzAIvKQp,3ZFTkvIE7kyPt6Nu3PEa7V,0.778,218093.0,0.824,10.0,-5.892,0.284,0.0,0.405,0.756,100.024
20JZFwl6HVl6yg8a4H3ZqK,4bPQs0PHn4xbipzdPfn6du,0.567,187613.0,0.795,9.0,-4.985,0.0938,0.0,0.114,0.635,170.06
1GxkXlMwML1oSg5eLPiAz3,0VIiyb6ebpMipzEGMbjqKG,0.615,244587.0,0.733,8.0,-4.808,0.152,0.0,0.109,0.796,122.58
6H2JQ8igAAa5UBr2u496mb,0P6WrsKYBNPmD48VPWOCWZ,0.65,426640.0,0.524,7.0,-8.207,0.000735,0.0684,0.0498,0.292,134.989
1SImpQO0GbjRgvlwCcCtFo,0wkzGtpf4WsYgWwDTeCjTR,0.545,192000.0,0.932,7.0,-2.189,0.000665,0.0,0.127,0.465,92.956
5ndkK3dpZLKtBklKjxNQwT,38lqyHftH5FWStAHjd664Q,0.66,213253.0,0.9,7.0,-5.02,0.0403,0.0,0.219,0.591,85.51
4RddZ3iHvSpGV4dvATac9X,3iGjPHGVRKPgQ6LvSN2zJI,0.455,208213.0,0.916,11.0,-3.824,0.0916,0.0,0.176,0.437,89.918
3ao3jf5d70Tf4fPh2bnXVl,50Un8I686hgpqk55uvSZUo,0.406,210440.0,0.749,9.0,-4.274,0.0344,0.0,0.213,0.353,176.194
0p4nmQO2msCgU4IF37Wi3j,4SgbUaGlOe4sdOs3YfupWy,0.419,242413.0,0.936,2.0,-2.411,0.00165,0.0,0.372,0.703,170.134
7CajNmpbOovFoOoasH2HaY,05SBRd4fXgn8FX7bf8BCAE,0.695,234507.0,0.869,8.0,-5.066,0.41,0.0,0.237,0.58,124.989
7CajNmpbOovFoOoasH2HaY,1KtD0xaLAikgIt5tPbteZQ,0.725,247933.0,0.874,0.0,-3.715,0.00262,0.000412,0.0958,0.748,127.985
0X2BH1fck6amBIoJhDVmmJ,1vWGa8yC21ZELs9dAhiC2Q,0.52,176613.0,0.792,5.0,-5.22,0.122,3.61e-06,0.505,0.666,149.83
4pADjHPWyrlAF0FA7joK2H,7yws3pF3FFguwT2Psi6c15,0.854,210307.0,0.664,11.0,-4.88,0.0278,0.0,0.118,0.782,125.84
7dWYWUbO68rXJOcyA7SpJk,546QTayX6j4GcZsfTRrVnL,0.688,230493.0,0.835,8.0,-4.162,0.0583,2.87e-06,0.0795,0.88,84.858
4gzpq5DPGxSnKTe4SA8HAU,3ViG53I02hn2DmNybJXZ1h,0.431,242416.0,0.739,9.0,-6.994,0.00152,0.00249,0.0931,0.329,118.025
1Xyo4u8uXC1ZmMpatF05PJ,6FXNfYIY6iEeCKuIeSYWgg,0.705,215613.0,0.758,9.0,-5.482,0.142,0.0,0.109,0.569,107.965
7dGJo4pcD2V6oG8kP0tJRR,0dyWQoMOU9oERL6c9vxtRp,0.569,241587.0,0.928,8.0,-0.9,0.215,0.0,0.2,0.368,78.691
7dGJo4pcD2V6oG8kP0tJRR,0zIckkQ6ZRos7IdoNPakAw,0.733,404427.0,0.753,8.0,-5.025,0.037,2.53e-06,0.47,0.539,80.103
6jJ0s89eD6GaHleKKya26X,6GCW5Muk3u0cM5QTkS4C9a,0.69,227333.0,0.795,1.0,-4.021,0.000812,1.02e-06,0.155,0.876,133.964
0vWCyXMrrvMlCcepuOJaGI,20X9OeC606XNwEtDBOym5u,0.44,226707.0,0.976,10.0,-3.17,0.00177,3.39e-06,0.16,0.412,150.005
0p4nmQO2msCgU4IF37Wi3j,10zycm3kRmxg5etQ8Qhpq4,0.577,219653.0,0.934,2.0,-3.672,0.00405,0.0064,0.123,0.855,149.964
7bXgB6jMjp9ATFy66eO08Z,12Ns5IphkblPmHxpRILG9t,0.602,222307.0,0.691,7.0,-5.197,0.0548,0.0,0.144,0.206,127.967
0jnsk9HBra6NMjO2oANoPY,3NcO4jGK1Opb5ea0mYLpxb,0.706,248133.0,0.89,1.0,-4.444,0.0588,0.00286,0.306,0.684,128.011
2QYEvpsWUOjqaYuxDPTCmV,6Iocm6VMu6bVNYwiDoyQFW,0.353,238693.0,0.822,7.0,-1.866,0.155,0.0,0.332,0.237,167.905
6tW9jWf8lpuzDzAdVMvNMV,598nCowubD5gn7n1MNKK4K,0.664,248267.0,0.809,1.0,-6.439,0.0415,0.00012,0.0922,0.703,121.952
1Ecagb1V0oVlO0pFKnhYWM,2CHvjyIZ8khtm2ipjz0vmq,0.435,232941.0,0.742,2.0,-7.344,0.0155,0.818,0.0939,0.0377,135.965
5ndkK3dpZLKtBklKjxNQwT,5iedbcsUvjpnAlChFvNsgC,0.468,293040.0,0.559,0.0,-6.138,0.00121,0.0,0.0866,0.113,79.962
7FBcuc1gsnv6Y1nwFtNRCb,5wQnmLuC1W7ATsArWACrgW,0.217,311107.0,0.905,2.0,-4.103,0.000289,0.00011,0.222,0.236,96.95
7CajNmpbOovFoOoasH2HaY,24LS4lQShWyixJ0ZrJXfJ5,0.573,212560.0,0.929,8.0,-3.942,0.197,0.000112,0.0567,0.582,127.934
13saZpZnCDWOI9D4IJhp1f,4qyaPBcAscVQfJMxHSmHWD,0.615,253641.0,0.944,7.0,-4.726,0.0418,0.0,0.131,0.673,140.087
2NhdGz9EDv2FeUw6udu2g1,1OXfWI3FQMdsKKC6lkvzSx,0.698,198467.0,0.844,7.0,-4.549,0.0577,1.69e-05,0.105,0.446,126.937
5UmeRtxfJxx9iUnyUP8dFm,06MQ1K8C8M9cxWdEqk2fA1,0.606,199187.0,0.4,11.0,-12.668,0.254,0.726,0.0967,0.484,140.013
6MF9fzBmfXghAz953czmBC,1CdqVF1ywD0ZO1zXtB9yWa,0.663,186267.0,0.892,8.0,-4.759,0.00232,0.0,0.115,0.625,122.025
6Wr3hh341P84m3EI8qdn9O,1wVUjggKup9hP2jd24gLSg,0.428,199213.0,0.995,8.0,-2.936,0.000378,0.000345,0.121,0.496,105.505
4UrGiQXrpB2CmzVGVFtH5E,6V4y4uuMAxe2EYDIWNToaH,0.325,190173.0,0.816,2.0,-3.714,0.165,0.0,0.0729,0.579,207.673
3BmGtnKgCSGYIUhmivXKWX,6li2D8wQPvgwI2QIrGPhAF,0.529,211653.0,0.878,9.0,-3.957,0.00347,0.0,0.101,0.397,144.973
3BmGtnKgCSGYIUhmivXKWX,61Qhe2mHSLhUE04QeK4lkD,0.446,237000.0,0.701,9.0,-4.179,0.0298,8.89e-06,0.0931,0.394,159.958
7dWYWUbO68rXJOcyA7SpJk,27jV5NRauLKolguzqXHcnH,0.751,231867.0,0.807,1.0,-3.698,0.265,0.00331,0.11,0.235,89.996
5beNQx8Rsr5StjfjIhwS4o,0O2t6ZqUyXze505PIxc2mz,0.663,203656.0,0.876,10.0,-4.573,0.00719,1.2e-06,0.0958,0.715,103.976
58lV9VcRSjABbAbfWS6skp,0J6mQxEZnlRt9ymzFntA6z,0.534,249293.0,0.887,0.0,-3.777,0.0768,9.93e-05,0.325,0.72,122.494
6GkJh85o22LfD2vgL9DP6f,5Bxw5hB45rJKvd0wdGQQeR,0.661,202632.0,0.833,5.0,-4.466,0.229,0.0,0.346,0.635,93.989
4O8sJqNaLIO1bYybBEX9K4,4tyVsZ8nmW8VKil1ezZb8y,0.785,193220.0,0.915,3.0,-2.945,0.0538,0.002,0.179,0.923,127.999
6p5JxpTc7USNnBnLzctyd4,5L79aNYCTKiZq7vaOElXYj,0.662,209693.0,0.65,6.0,-5.981,0.129,0.0,0.113,0.481,117.992
63wjoROpeh5f11Qm93UiJ1,58FUwmyGUqkt53YPUcm7cJ,0.593,326187.0,0.883,8.0,-4.781,0.0124,0.0,0.177,0.671,155.171
4Ws2otunReOa6BbwxxpCt6,6jNM6fKx3WnyHbWBI9hs2r,0.635,307987.0,0.983,6.0,-3.807,0.00901,0.00799,0.0683,0.434,145.085
1SZMaiNHfdUuU0qZKZ6y62,0eI19vR5WZ12fuYcEFUVkw,0.516,258453.0,0.905,11.0,-5.613,0.000479,0.0,0.198,0.612,129.999
4uRYpUQZrNrY5t8tAv3XrD,4A7qcJp2Sg867JST1pSPJz,0.491,257360.0,0.944,9.0,-4.271,4.95e-05,0.00427,0.616,0.335,143.958
5M5PjPSiKeXynM6Ohu350r,5tBGVvb39pTM6D9nFBwlRo,0.741,217120.0,0.938,0.0,-4.188,0.182,0.0,0.0558,0.863,130.01
7C64wNX3howEFZjAYRKsfP,4ZqI5J82E3aPLvXzN3nVxD,0.612,221707.0,0.841,1.0,-6.087,0.0894,5.73e-06,0.183,0.568,125.027
4NVjldBwjF0DzudAiLvti0,2Tegi5TDHuQRs39kpVwLoh,0.635,210400.0,0.709,4.0,-5.438,0.00695,3.69e-06,0.143,0.297,120.171
6Bnx90B1qqnFExG9fzj1fh,0zPHXl42z84C74ylm4IhQY,0.489,203870.0,0.905,1.0,-6.819,0.00164,7.68e-05,0.0707,0.785,180.083
1oKEwFVWeM8KoMK8p5pOoe,6yk79gDdiqe76K6qOWwvFV,0.479,348533.0,0.437,2.0,-5.709,0.814,0.0,0.136,0.308,120.34
1dfeR4HaWDbWqFHLkxsg1d,4pbJqGIASGPr0ZpGpnWkDn,0.692,122067.0,0.497,2.0,-7.316,0.676,0.0,0.259,0.475,81.308
6jJ0s89eD6GaHleKKya26X,4DBkrkVzx7jxxIjxI6FYvz,0.686,204285.0,0.633,9.0,-6.073,0.0231,0.0,0.0831,0.8,96.027
738wLrAtLtCtFOLvQBXOXp,4KcVVhAaHxqtX2ANt4b3tc,0.713,176561.0,0.79,7.0,-4.602,0.00339,0.000868,0.485,0.308,98.011
6STDZGmQ3gKtgnPmBIcSRx,1nfSX4WR7wsC8FZJlZKH6W,0.678,199134.0,0.979,0.0,-5.514,0.0122,0.0521,0.0561,0.601,134.981
1uNFoZAHBGtllmzznpCI3s,1OLJJ3LRsRkin7XLvczaV9,0.718,202627.0,0.605,1.0,-4.24,0.0443,0.0,0.0962,0.818,121.236
0vEsuISMWAKNctLlUAhSZC,3OltYYcLZUhvho5QoRbUNr,0.554,188387.0,0.923,7.0,-3.548,0.0511,1.51e-05,0.191,0.808,137.939
3kYFawNQVZ00FQbgs4rVBe,3joBAxXdN3HFkvvbkxJEwl,0.585,180392.0,0.92,8.0,-3.836,0.00624,0.0,0.0424,0.908,152.977
4m4SfDVbF5wxrwEjDKgi4k,6E11E0lT5Zy7yb6iT3y8DN,0.694,214573.0,0.891,9.0,-2.94,0.0562,0.0,0.561,0.563,97.939
1mU61l2mcjEFraXZLpvVMo,6ljchcesxM3sT10oG7uMET,0.602,368187.0,0.867,7.0,-4.323,0.00179,0.0842,0.0584,0.506,128.01
4F84IBURUo98rz4r61KF70,1jNOi6m3Hn8nLEeHCp5Msr,0.753,231800.0,0.457,0.0,-7.709,0.00679,0.484,0.311,0.297,123.913
0hCNtLu0JehylgoiP8L4Gh,2EBCVPNAG46nbgs6jXPGvv,0.746,210627.0,0.728,11.0,-2.464,0.158,0.0,0.249,0.708,124.954
0RqtSIYZmd4fiBKVFqyIqD,2D52zjCyqEIQa221lhw6uk,0.404,326983.0,0.723,6.0,-5.26,0.0661,1.91e-06,0.233,0.225,160.048
70cRZdQywnSFp9pnc2WTCE,0iOZM63lendWRTTeKhZBSC,0.606,244027.0,0.457,6.0,-14.035,0.713,2.53e-05,0.0747,0.813,92.033
0k17h0D3J5VfsdmQ1iZtE9,5Yt80fWRB8JG73XlPjrrKP,0.694,238747.0,0.394,0.0,-15.881,0.0781,0.000677,0.247,0.719,104.126
1bs7HoMkSyQwcobCpE9KpN,4An0hbjs1THl9cQprYrN6G,0.547,160373.0,0.722,1.0,-6.593,0.382,0.0,0.049,0.654,112.424
4MVyzYMgTwdP7Z49wAZHx0,5EWPGh7jbTNO2wakv8LjUI,0.252,547107.0,0.844,0.0,-8.121,0.0765,0.00018,0.084,0.351,118.158
1dfeR4HaWDbWqFHLkxsg1d,6inw6esWI4spnBSMR0wPDS,0.663,245454.0,0.719,2.0,-8.785,0.144,1.4e-06,0.171,0.538,113.457
711MCceyCBcFnzjGY4Q7Un,08mG3Y1vljYA6bvDt4Wqkj,0.31,255493.0,0.7,9.0,-5.678,0.011,0.00965,0.0828,0.763,188.386
7Ey4PD4MYsKc5I2dolUwbH,07KHJvlYBeQVqrmifTEqEp,0.412,265093.0,0.528,1.0,-6.613,0.298,5.03e-05,0.332,0.175,79.962
1SQRv42e4PjEYfPhS0Tk9E,1oG2vWELiGjIqxwqGcyqwF,0.567,133933.0,0.959,8.0,-3.822,0.0995,6.07e-05,0.1,0.961,137.377
0rvjqX7ttXeg3mTy8Xscbt,77NNZQSqzLNqh2A9JhLRkg,0.491,248907.0,0.802,4.0,-7.106,0.25,0.0,0.387,0.472,119.25
0NKDgy9j66h3DLnN8qu1bB,1TfqLAPs4K3s2rJMoCokcS,0.692,216933.0,0.711,0.0,-7.498,0.227,0.0,0.12,0.875,125.135
3fMbdgg4jU18AjLCKBhRSm,5ChkMS8OtdzJeqyybCc9R5,0.92,293827.0,0.654,11.0,-3.051,0.0236,0.0158,0.0359,0.847,117.046
3fMbdgg4jU18AjLCKBhRSm,5lA3pwMkBdd24StM90QrNR,0.888,238733.0,0.815,11.0,-4.909,0.23,0.000424,0.127,0.961,127.273
3fMbdgg4jU18AjLCKBhRSm,1OOtq8tRnDM8kG2gqUPjAj,0.779,258040.0,0.867,3.0,-3.704,0.0491,7.98e-06,0.197,0.915,138.858
3fMbdgg4jU18AjLCKBhRSm,1D9KEXIrlmPUkMTdYzqgX4,0.775,357493.0,0.857,11.0,-4.943,0.0906,0.000172,0.918,0.797,118.419
5aEMARkjW3SYYnGLTLgCks,3adDtszDQ2hpGaZUkvKhhr,0.845,240827.0,0.509,2.0,-11.231,0.00176,0.0715,0.315,0.947,126.539
6zFYqv1mOsgBRQbae3JJ9e,3FCto7hnn1shUyZL42YgfO,0.334,336093.0,0.472,0.0,-8.792,0.6,3.77e-06,0.317,0.431,179.167
67ea9eGLXYMsO2eYQRui3w,66MTlHwUl24CzwRnx8nh7S,0.395,297000.0,0.59,10.0,-14.027,0.293,0.17,0.325,0.145,117.42
51Blml2LZPmy7TTiAg47vQ,6QPhpvO1pWDS91EsEmzsbc,0.542,296227.0,0.554,2.0,-7.29,0.000153,0.322,0.147,0.117,109.952
5NGO30tJxFlKixkPSgXcFE,2sXp9Qmvc7mRaDBjBgcGGi,0.813,253887.0,0.46,1.0,-9.78,0.56,0.0105,0.0724,0.729,117.387
5NGO30tJxFlKixkPSgXcFE,0SYRVn2YF7HBscQEmlkpTI,0.608,191947.0,0.746,0.0,-8.851,0.026,2.39e-06,0.043,0.745,134.03
5NGO30tJxFlKixkPSgXcFE,5xD021bM8VbqrhCVhxRozx,0.582,290280.0,0.81,1.0,-7.024,0.0338,1.68e-05,0.202,0.875,151.006
5NGO30tJxFlKixkPSgXcFE,5pDmunv6G71w7NSjOPXbYw,0.535,260573.0,0.745,2.0,-10.123,0.127,0.0792,0.179,0.376,163.913
1gRNBaI4yn6wCCTvRhGWh8,2QgWuCtBpNIpl5trmKCxRf,0.527,515867.0,0.509,7.0,-10.893,0.6,0.0,0.144,0.497,138.317
6olE6TJLqED3rqDCT0FyPh,5ghIJDpPoe3CfHMGu71E6T,0.516,301920.0,0.906,1.0,-4.525,2.86e-05,0.000101,0.105,0.728,116.775
4AK6F7OLvEQ5QYCBNiQWHq,70OTIpw8x8UXUsuCHW9i1i,0.723,192107.0,0.711,0.0,-5.576,0.0997,0.0,0.0528,0.606,138.098
4F84IBURUo98rz4r61KF70,1jNOi6m3Hn8nLEeHCp5Msr,0.753,231800.0,0.457,0.0,-7.709,0.00679,0.484,0.311,0.297,123.913
6eqOQxEVnnxvhtv8TTpfJc,0EGbpMPU0NuaMzBZ35aXuI,0.606,259664.0,0.654,4.0,-7.365,0.158,0.00013,0.0621,0.213,102.869
6prmLEyn4LfHlD9NnXWlf7,44aN5xKL3kGHvQ5bXVk6B8,0.703,208330.0,0.736,4.0,-5.709,0.186,1.92e-05,0.174,0.274,119.955
7pGyQZx9thVa8GxMBeXscB,0zREtnLmVnt8KUJZZbSdla,0.629,220520.0,0.709,0.0,-6.392,0.136,0.0,0.237,0.699,75.998
13saZpZnCDWOI9D4IJhp1f,5st5644IlBmKiiRE73UsoZ,0.775,219893.0,0.904,1.0,-4.08,0.0271,0.000303,0.06,0.84,130.009
4TH4BHy0LdBi3dpBW4P2UX,0sQLhT32E9ZG2zn5iYR6nN,0.508,227280.0,0.677,1.0,-5.696,0.328,0.0,0.0491,0.575,121.928
0jnsk9HBra6NMjO2oANoPY,2S5LNtRVRPbXk01yRQ14sZ,0.854,224258.0,0.766,9.0,-4.697,0.0242,0.0,0.0793,0.784,118.004
1HxJeLhIuegM3KgvPn8sTa,66hayvUbTotekKU3H4ta1f,0.432,250286.0,0.781,4.0,-4.038,0.041,4.21e-06,0.0789,0.197,139.432
63MQldklfxkjYDoUE4Tppz,36lqt57OHqk48BVFzPDEKt,0.521,243960.0,0.752,11.0,-5.374,0.0191,0.0,0.0682,0.3,105.051
5SbkVQYYzlw1kte75QIabH,1vxw6aYJls2oq3gW0DujAo,0.855,177466.0,0.587,8.0,-4.589,0.0505,0.00714,0.105,0.64,111.97
1Cs0zKBU1kc0i8ypK3B9ai,4GgOvZJ1vL1f6QTaPJdxXP,0.606,208135.0,0.612,2.0,-3.676,0.211,3.7e-06,0.128,0.477,127.882
0C2nBa56HaSisckWUDOhp0,165cBHBSASptjO9yjSpjhu,0.698,233893.0,0.778,6.0,-3.128,0.0626,3.34e-06,0.0735,0.603,124.962
1pgtr4nhBQjp9oCUBPyYWh,27L8sESb3KR79asDUBu8nW,0.774,197987.0,0.75,11.0,-4.927,0.0021,1.85e-05,0.0808,0.925,118.015
3b8QkneNDz4JHKKKlLgYZg,0i5el041vd6nxrGEU8QRxy,0.464,208960.0,0.945,10.0,-3.342,0.0189,0.0,0.0575,0.877,148.012
0kkxsdcaWmWU2yWAqclDh4,1oew3nFNY3vMacJAsvry0S,0.544,193733.0,0.774,5.0,-4.21,0.00682,0.0,0.135,0.522,174.121
2BL5VxhQadpc4v2VlZyKY5,6XujyDupMstcvXN2wLjlCV,0.672,208293.0,0.691,2.0,-5.05,0.0218,0.0,0.0829,0.473,200.102
68EB3QvNdVLkC7SAgDbHIR,6Zmlv6KfW9RmuJqt3IW2T0,0.749,248704.0,0.654,11.0,-6.127,0.0657,0.0,0.0587,0.658,120.032
0MlOPi3zIDMVrfA9R04Fe3,1eiXLANaZCSKIfDmwTorg5,0.632,197760.0,0.966,11.0,-1.562,0.0121,0.000935,0.253,0.435,124.999
4J3wzDMI97AlGimdiVcaLb,34tpyktCKATvK7pcVewId5,0.865,174173.0,0.898,2.0,-3.378,0.283,0.764,0.0896,0.771,138.031
7lVtH5UmhLGyfN9iS2FFk7,2MfEpvNr8u6zO9rJVb1aEw,0.573,231693.0,0.989,11.0,-5.595,0.0164,0.00329,0.297,0.369,145.025
1FcRUsTmnEQfVCH5OIKSpb,2AMoQ7iQf2Bg9qbCHEjkdv,0.545,126627.0,0.934,1.0,-4.967,0.000242,6.63e-05,0.567,0.179,140.031
7xklw3WodFZiNNmQt3DIgp,2uuTo18bRgXj3RvlbZKMvU,0.539,312533.0,0.857,11.0,-5.924,0.0518,0.00119,0.128,0.209,144.129
16oZKvXb6WkQlVAjwo2Wbg,1jdNcAD8Ir58RlsdGjJJdx,0.685,161227.0,0.474,0.0,-9.105,0.779,1.23e-06,0.149,0.36,79.991
4ogvuDRerGhZfSf7TtzHlr,3oQomOPRNQ5NVFUmLJHbAV,0.671,211933.0,0.153,0.0,-13.569,0.912,5.53e-05,0.0771,0.658,85.6
1uNFoZAHBGtllmzznpCI3s,6nRwc5GgNvBMkKaynhQzrm,0.841,207547.0,0.571,5.0,-8.066,0.65,0.00033,0.0895,0.772,125.032
7n2wHs1TKAczGzO7Dd2rGr,3zkWCteF82vJwv0hRLba76,0.751,206880.0,0.744,10.0,-6.604,0.0186,0.0,0.0447,0.77,149.961
4yiQZ8tQPux8cPriYMWUFP,26eOTllWPn7oKuDUJnsJwF,0.756,246467.0,0.77,1.0,-3.502,0.191,0.0,0.178,0.73,119.961
1g1yxsNVPhMUl9GrMjEb2o,3CE3PYF64qJBjq54Uf9ZiW,0.585,170213.0,0.921,0.0,-4.45,0.0144,6.21e-06,0.368,0.915,102.947
1eAJ2GrxUU5nJYEqaxQWvW,0ceI4w0e2Syq1sNxCe6lLm,0.655,212173.0,0.961,11.0,-4.245,0.0538,0.000135,0.0816,0.395,144.982
6sFIWsNpZYqfjUpaCgueju,0PGLRTN0X6DrXh645WJCIY,0.623,204773.0,0.81,5.0,-4.683,0.00553,5.15e-05,0.257,0.579,122.041
6prmLEyn4LfHlD9NnXWlf7,2rDwdvBma1O1eLzo29p2cr,0.44,227320.0,0.683,11.0,-4.732,0.00706,0.0,0.0593,0.445,185.948
2aYJ5LAta2ScCdfLhKgZOY,16Of7eeW44kt0a1M0nitHM,0.668,215693.0,0.857,7.0,-2.944,0.0191,6.71e-06,0.0385,0.748,131.959
64rxQRJsLgZwHHyWKB8fiF,502X3BGNst24d1LUKkLh35,0.824,286667.0,0.978,7.0,-9.244,0.236,0.000718,0.393,0.78,127.997
5PokPZn11xzZXyXSfnvIM3,7rojor07Wzc7w3zXOxex80,0.543,195307.0,0.919,1.0,-4.831,0.000441,0.0,0.238,0.498,125.017
3whuHq0yGx60atvA2RCVRW,4jOtC832PyIXlCVPRElfQu,0.762,185587.0,0.863,0.0,-3.689,0.015,0.0,0.125,0.965,106.008
6GfiCQDFYANz5wUkSmb3Dr,4iWYPj04kHXcZK0st5yzZf,0.532,236907.0,0.633,11.0,-5.106,0.00378,0.0,0.0804,0.448,164.13
58lV9VcRSjABbAbfWS6skp,0kM6mwCUDLAoVgAtyc8PVv,0.518,179920.0,0.934,5.0,-4.095,0.00854,5.04e-06,0.0573,0.477,105.991
6prmLEyn4LfHlD9NnXWlf7,0H1OyEooZ5SzBYYdJEzxoy,0.648,228240.0,0.908,4.0,-4.251,0.0113,0.0,0.374,0.793,131.147
4gzpq5DPGxSnKTe4SA8HAU,7LVHVU3tWfcxj5aiPFEW4Q,0.209,295533.0,0.418,3.0,-8.74,0.163,0.00195,0.113,0.123,138.265
0hEurMDQu99nJRq8pTxO14,6Vecwo7AHst9V2CE3kmwr0,0.668,231467.0,0.739,4.0,-4.919,0.0383,0.0,0.13,0.571,131.918
04gDigrS5kc9YWfZHwBETP,1YI0uK36eupTmw9F8kHysr,0.594,244867.0,0.784,0.0,-5.237,0.0752,0.0,0.0704,0.801,88.11
7n2wHs1TKAczGzO7Dd2rGr,2Zukohv1kW91bY2OUIXSct,0.694,161440.0,0.854,7.0,-3.891,0.00614,0.0,0.158,0.803,112.007
7Eshpryyi2F9Jg0ixaysNn,0wqeaDeaKq14IuQESPqBEJ,0.522,346493.0,0.219,0.0,-13.166,0.937,0.0,0.692,0.422,76.122
3FUY2gzHeIiaesXtOAdB7A,24YvUQnuPL8gObCfSnAobH,0.677,216773.0,0.89,1.0,-4.448,0.182,0.0,0.0826,0.764,97.012
3FUY2gzHeIiaesXtOAdB7A,2hKdd3qO7cWr2Jo0Bcs0MA,0.468,259933.0,0.64,0.0,-5.862,0.154,0.0,0.154,0.499,79.297
5p7f24Rk5HkUZsaS3BLG5F,0xCmwofyCiXdhoBsMSNj2w,0.616,218773.0,0.768,0.0,-6.714,0.0032,0.0,0.427,0.322,122.91
6aZyMrc4doVtZyKNilOmwu,69J73rzjNvo8b9ZwWlL4FS,0.649,248360.0,0.735,0.0,-6.137,0.0742,0.0,0.183,0.372,107.977
4UXqAaa6dQYAk18Lv7PEgX,5ybUdN3DmQL8T3eqg4XjmQ,0.612,213280.0,0.902,9.0,-3.911,0.000916,0.0,0.0498,0.463,100.023
5K4W6rqBFWDnAN6FQUkS6x,53gcDgFyqqpvCzXWrnFZpH,0.79,211000.0,0.647,10.0,-5.983,0.0515,0.0,0.248,0.654,87.999
1zuG3w1Zgeou53fb3Vu3bO,1Z5L1sgdPUPfcuxsfaYzcB,0.626,190000.0,0.784,7.0,-3.874,0.0372,0.0,0.182,0.555,120.031
1SupJlEpv7RS2tPNRaHViT,3tTjEntiaTWvWK3MA8fcZD,0.736,206667.0,0.719,8.0,-3.839,0.256,0.0,0.0909,0.656,90.013
47mIJdHORyRerp4os813jD,17hcFa5JZWpaSJ36Bi3nTw,0.482,216308.0,0.798,7.0,-6.523,0.0112,1.48e-06,0.854,0.143,110.067
3nFkdlSjzX9mRTtwJOzDYB,2igwFfvr1OAGX9SKDCPBwO,0.504,276920.0,0.96,8.0,-1.55,0.0271,0.0,0.545,0.766,173.519
28Ky95tmlHktB96DBUoB0g,5Ym19YSvxpcLhtlC2g605d,0.55,309793.0,0.788,11.0,-6.298,0.246,0.0,0.0811,0.122,120.045
536BYVgOnRky0xjsPT96zl,6jrMVRReY24qzCfe1BRrww,0.556,191400.0,0.763,6.0,-3.952,0.000728,6.79e-06,0.071,0.814,138.986
0dEvJpkqhrcn64d3oI8v79,2RKmGDTq840oLpKC0WOaCr,0.632,184400.0,0.836,10.0,-5.583,0.0836,0.0,0.149,0.966,96.008
6BrvowZBreEkXzJQMpL174,5nUJym1qItTzwWx2zfSxUb,0.519,199849.0,0.814,6.0,-2.884,0.0114,0.0,0.0676,0.381,127.968
0id62QV2SZZfvBn9xpmuCl,77ZDYZaY5ppRrVqZOMUF2P,0.258,239147.0,0.891,11.0,-6.375,0.0929,0.0,0.301,0.453,171.995
1VBflYyxBhnDc9uVib98rw,15iosIuxC3C53BgsM5Uggs,0.6,187027.0,0.905,1.0,-3.41,0.00274,0.0,0.831,0.636,124.032
3aBkeBhwadnWMWoVJ2CxJC,0TPsuCKxq2v8EeZg7ZWde2,0.622,226346.0,0.899,9.0,-3.139,0.0317,0.0,0.0928,0.852,85.844
1uNFoZAHBGtllmzznpCI3s,190jyVPHYjAqEaOGmMzdyk,0.596,227987.0,0.83,0.0,-4.722,0.00137,3.96e-05,0.065,0.6,127.965
3KEb1kbIZN5jumsjFEWgSW,7mnGQesk1TzQLzQ9bYWZPR,0.537,224693.0,0.84,9.0,-4.626,0.2,2.15e-06,0.0998,0.211,124.269
74XFHRwlV6OrjEM0A2NCMF,1yjY7rpaAQvKwpdUliHx0d,0.602,216013.0,0.923,5.0,-3.763,0.0098,0.0,0.0561,0.765,136.01
3NPpFNZtSTHheNBaWC82rB,0fYVliAYKHuPmECRs1pbRf,0.4,195199.0,0.868,11.0,-5.988,0.0112,0.0685,0.27,0.57,180.261
0a1gHP0HAqALbEyxaD5Ngn,4rlWtsOCfxD8u1aCbbaHHp,0.56,276973.0,0.933,5.0,-5.54,0.00219,0.0,0.114,0.581,103.05
2sil8z5kiy4r76CRTXxBCA,0QXSKayRWtfxMKHJxVurkZ,0.493,214720.0,0.879,6.0,-4.029,0.00852,0.0,0.253,0.63,177.937
3aBkeBhwadnWMWoVJ2CxJC,6j6bTAiW0oEfLlAjmRNcbb,0.163,224720.0,0.616,9.0,-9.996,0.0286,0.0,0.0826,0.33,81.993
26T3LtbuGT1Fu9m0eRq5X3,3kb72STxc2959ZqsTwu52i,0.634,175493.0,0.849,0.0,-7.075,0.0438,0.0,0.363,0.919,156.004
33ScadVnbm2X8kkUqOkC6Z,2a1o6ZejUi8U3wzzOtCOYw,0.467,198773.0,0.92,0.0,-4.78,0.0813,0.0,0.0494,0.849,130.012
7fObcBw9VM3x7ntWKCYl0z,3MldzywZOH4Uci6bq9noyJ,0.771,243013.0,0.631,1.0,-6.795,0.0308,0.0,0.168,0.283,119.965
3cdj3lQrBwsYwlFMcoZAWO,1evpAK81PGL5goDnBSB2gp,0.429,233807.0,0.871,2.0,-2.509,0.00422,0.0,0.331,0.54,131.971
46gyXjRIvN1NL1eCB8GBxo,72bcGQS25EsH2bg3psZZ8c,0.421,229853.0,0.761,1.0,-3.835,0.00261,0.0,0.124,0.681,175.937
6O7MpKrY91vlCd4Osi6XKs,2RxqHa7EgbKHEjYav48eXX,0.447,228280.0,0.935,8.0,-4.23,0.000193,0.00728,0.0865,0.289,140.03
5L1n6wVJMxBw6sZbxD0XAU,5i17G48swlxfwtQKeq5xcF,0.466,184853.0,0.9,0.0,-5.25,0.000691,0.0,0.55,0.282,127.914
5v61OSg53KaQxGMpErkBNp,3EuiMoY8lTjAvIqNf8Uyr3,0.49,187853.0,0.861,5.0,-4.273,0.00419,0.000111,0.302,0.586,93.984
6XyY86QOPPrYVGvF9ch6wz,5JHNg1hxZFT7TDEphhM4wj,0.487,231680.0,0.961,4.0,-4.139,0.0415,1.15e-06,0.553,0.323,170.005
6TcnmlCSxihzWOQJ8k0rNS,3354J49VpkbZJho7Ztdzpw,0.599,272973.0,0.543,0.0,-9.226,0.0129,0.00193,0.291,0.624,91.105
1g1yxsNVPhMUl9GrMjEb2o,5VWmMZCfJ4yVkJw9ZLFXej,0.464,198360.0,0.525,2.0,-6.965,0.64,6.64e-06,0.104,0.616,90.41
1g1yxsNVPhMUl9GrMjEb2o,6MDTpYxPFL0wtFd0pjfKws,0.531,200200.0,0.542,8.0,-7.721,0.356,0.0,0.119,0.726,171.878
6aZyMrc4doVtZyKNilOmwu,0rFOs9paloAvEtzwDX1Kmc,0.664,196280.0,0.491,9.0,-6.544,0.594,0.0,0.11,0.24,127.97
4lmpEOYpB8yNe8buBDP5vF,5x79GAQ60uptsPjMNYR7LD,0.69,191760.0,0.718,7.0,-5.801,0.00114,0.0,0.237,0.665,127.989
0L6Gwm0JDrgIQJfjarWSUR,5K7AMlpc4796JRWXb26nCV,0.371,266533.0,0.609,11.0,-5.524,0.386,0.0,0.104,0.426,136.526
26dSoYclwsYLMAKD3tpOr4,2EvwLVrnYbCZEG6Kx5DCRy,0.769,212107.0,0.638,11.0,-5.054,0.0902,0.0,0.0857,0.782,115.007
0dkSTkkNl8moTfylwJKvTL,4ol9WoZzEvvldE5Ttal1DK,0.611,217495.0,0.807,3.0,-4.12,0.0644,0.0,0.217,0.436,112.964
1g1yxsNVPhMUl9GrMjEb2o,0THbsvMRmCHpFT3YLX301c,0.658,232813.0,0.296,2.0,-10.584,0.872,0.0,0.114,0.311,103.975
42aeGx2I3uXINpGqC8L0LD,2XFOuxF5xUZ00RaVfaIdw2,0.389,251933.0,0.954,3.0,-3.945,0.00199,0.0,0.135,0.382,162.823
61YE3whKiuRr83j1yOm5M7,2WZyfujzMweFLnozyUJBkW,0.404,245933.0,0.571,0.0,-5.069,0.182,2.08e-05,0.129,0.29,147.01
306JHpIRGVaQd6OltnOzUO,3mNecsYFb6LQg7822DPXCP,0.481,189333.0,0.94,7.0,-5.204,0.000891,0.0,0.0939,0.66,96.493
0Riv2KnFcLZA3JSVryRg4y,2QTAvgxcdRQ5guzieFDeMg,0.552,267120.0,0.804,11.0,-7.233,0.00486,2.75e-05,0.414,0.543,127.039
01olvHW7uzIInQx9VTNuJm,05eopGTXIpcaDMgwPN1ViO,0.325,212288.0,0.663,11.0,-5.869,0.0313,0.0101,0.0737,0.147,174.04
0dEvJpkqhrcn64d3oI8v79,2RQ3fWFZJJe4G5KkHEACww,0.68,285160.0,0.857,7.0,-4.132,0.0151,2.88e-05,0.056,0.794,95.349
72OaDtakiy6yFqkt4TsiFt,2goLsvvODILDzeeiT4dAoR,0.652,239027.0,0.917,6.0,-6.72,0.0082,0.0,0.0509,0.459,132.975
4WN5naL3ofxrVBgFpguzKo,60hmtJmGbsAEXC0KCKMlN3,0.669,242440.0,0.747,6.0,-7.108,0.141,0.0,0.185,0.483,122.531
3WfJ1OtrWI7RViX9DMyEGy,7DKS5MjMj4pbPCuartvRPK,0.456,216400.0,0.871,1.0,-3.503,0.00013,0.0,0.0617,0.407,149.001
6XwwFnewNgWp81MYMK8zLq,5BAdY7N95dEvINPywpczsv,0.588,225335.0,0.917,1.0,-2.904,0.0157,1.67e-06,0.247,0.464,130.004
0X2BH1fck6amBIoJhDVmmJ,0Di9bVr9kej3oMs1K08k3J,0.568,206187.0,0.868,0.0,-5.734,0.0709,0.0,0.0914,0.589,122.996
7IEs29neldWttflhIzGhCX,1Vjx2wR1PzqSkQnBhHJbOT,0.777,177093.0,0.698,11.0,-4.168,0.0995,0.0,0.211,0.962,128.004
7bhcf6U7Lu1Ra9u0oWLM5x,1giGmy2MVpCBj26WloYzSl,0.767,221540.0,0.796,1.0,-5.124,0.0219,1.02e-05,0.06,0.616,129.986
5Pwc4xIPtQLFEnJriah9YJ,5zHQQRFcanQoXqfeEKunCm,0.485,241613.0,0.716,2.0,-6.044,0.0946,0.0,0.105,0.295,140.094
65jgj6SqhyQN9TEh5g0Unu,5bqixA11EudPLZokjLo1Fy,0.46,242173.0,0.706,7.0,-4.551,0.0498,0.0,0.137,0.131,119.971
65jgj6SqhyQN9TEh5g0Unu,1RGsXWsjf4tU4TnwX0Izhd,0.485,276933.0,0.877,1.0,-3.825,0.000416,3.79e-06,0.0645,0.257,130.025
1vCWHaC5f2uS3yhpwWbIA6,00GfiT5AxTNSDQihPeMRkM,0.575,228750.0,0.75,6.0,-3.798,0.299,0.0,0.268,0.609,128.091
521qvhdobR0GzhvU6TFw76,69mlHIPayAZVzC32RaVty5,0.536,216923.0,0.832,8.0,-3.762,0.00768,0.0,0.054,0.175,130.069
2iEvnFsWxR0Syqu2JNopAd,4lAYMPLPFOovwTCmtTt9b5,0.549,185307.0,0.981,11.0,-3.558,0.0178,1.8e-06,0.438,0.873,82.331
0hEurMDQu99nJRq8pTxO14,5j82yGNCjpk6R50LgR4hHG,0.577,201173.0,0.756,2.0,-5.82,0.159,0.000232,0.249,0.663,176.75
20apXQGKM00jJTvYfyKwlb,787zLV8eQMd5pl0BvYpnaq,0.499,311147.0,0.725,8.0,-10.568,0.0888,0.0,0.364,0.422,149.342
4NiJW4q9ichVqL1aUsgGAN,72wz45uQj2KuxrL1cvBJGv,0.504,188813.0,0.937,0.0,-4.701,8.12e-05,0.0,0.116,0.725,149.961
0vWCyXMrrvMlCcepuOJaGI,1AnesEZjtNHT7Nr2Y4BuNR,0.422,232240.0,0.904,0.0,-4.531,0.02,4.49e-06,0.686,0.32,163.929
3ngKsDXZAssmljeXCvEgOe,2hdhm6piUJnmKXmEmskXCg,0.545,242733.0,0.699,0.0,-8.76,9.44e-05,5.79e-05,0.12,0.6,119.589
6we2CCxymhh4v30lZRhhpa,5x7FOLVDAtNbrOfN1Fu7tA,0.514,240760.0,0.961,7.0,-0.821,0.00126,0.0,0.383,0.655,144.993
3ao3jf5d70Tf4fPh2bnXVl,5Vac8co5QPblcdlWbHSFsE,0.349,218627.0,0.919,7.0,-4.124,0.00415,0.0,0.26,0.294,166.916
49bzE5vRBRIota4qeHtQM8,2UREu1Y8CO4jXkbvqAtP7g,0.64,178013.0,0.957,8.0,-2.336,0.0431,0.0,0.0789,0.692,134.992
3nJWBJvK7uGvfp4iZh9CkN,6IF5ICCqX9Dzote5VVSrjW,0.557,240453.0,0.857,9.0,-5.076,0.00575,0.0,0.117,0.276,112.504
3eJxobq5MS9zYVjiZs5bi0,3JkXTkpTyxWBcfH4vn8o9S,0.478,182507.0,0.944,9.0,-3.936,0.0106,0.0,0.134,0.474,133.002
6fcTRFpz0yH79qSKfof7lp,2U0pVx4m1Kdm1Gsjjm6iq8,0.577,204213.0,0.691,0.0,-7.437,0.0134,3.43e-06,0.124,0.507,129.984
5pKCCKE2ajJHZ9KAiaK11H,4Tn2llBm1g0UlWctmgPL8Z,0.741,212280.0,0.816,1.0,-4.823,0.00104,0.0968,0.281,0.702,132.949
04abdnqPQe2N4fjztDea6z,2FvE1VYiztTWlj3ivgMAeY,0.715,231587.0,0.922,6.0,-3.888,0.00248,1.78e-06,0.296,0.977,125.997
3TVXtAsR1Inumwj472S9r4,6HSqyfGnsHYw9MmIpa9zlZ,0.544,357347.0,0.92,5.0,-1.474,0.244,0.0,0.19,0.519,105.307
26plsJBmW5se3wurhwzaEK,57wyLm1TrXFisZAtzRzalS,0.342,211566.0,0.719,7.0,-4.711,0.108,0.0,0.9,0.4,76.552
4UXqAaa6dQYAk18Lv7PEgX,3Y3gChJoEUTqrtuqJCIPQk,0.511,205851.0,0.897,2.0,-4.492,0.048,0.0,0.196,0.327,164.908
0rU7Dpf3bFczTmvhsrv0AS,3Fc94ozji9JAk4s6FEpiIb,0.414,196707.0,0.913,8.0,-3.24,0.000253,2.67e-05,0.0816,0.491,150.029
74XFHRwlV6OrjEM0A2NCMF,6SpLc7EXZIPpy0sVko0aoU,0.517,211520.0,0.906,1.0,-3.677,0.00272,9.26e-06,0.113,0.731,172.977
4N874uPqBka1QiCvnCVOtr,02HUcZIF7Z2RqSvAxdRPqi,0.658,227027.0,0.706,5.0,-5.347,0.0625,0.0,0.106,0.427,98.967
69GGBxA162lTqCwzJG5jLp,3vv9phIu6Y1vX3jcqaGz5Z,0.713,226739.0,0.802,4.0,-7.055,0.0435,0.00377,0.309,0.343,100.001
2qxJFvFYMEDqd7ui6kSAcq,4e1V6XqJ0GbagtTaI6ytUS,0.532,204223.0,0.792,3.0,-4.572,0.027,1.72e-06,0.101,0.38,127.989
1vCWHaC5f2uS3yhpwWbIA6,0ct6r3EGTcMLPtrXHDvVjc,0.528,176658.0,0.852,6.0,-5.294,0.0181,0.0,0.242,0.647,126.012
0NbfKEOTQCcwd6o7wSDOHI,24b20V609aI0WJ8LyxR8qx,0.754,220079.0,0.909,6.0,-3.323,0.138,0.0,0.281,0.591,126.994
0ONHkAv9pCAFxb0zJwDNTy,4rvYjbns8jzrmEYyu8Vi1C,0.551,149200.0,0.765,2.0,-4.93,0.00411,0.0,0.734,0.159,72.47
1bNEG4iSClCqQRyZgho3YV,2Bdu0cw4fJzUnU7X7fTmBC,0.606,315530.0,0.816,5.0,-6.258,0.0101,0.00738,0.267,0.287,127.999
3YHpeM8l5FGcYTb1EfXmzB,4dy1iO6lZMqNmh5W6hhjEs,0.483,205082.0,0.792,2.0,-3.151,0.000514,0.000218,0.404,0.413,98.024
6eouuqqGggqDlYRV63cgPo,6kJIJGXinrUAEuU2eF1Aux,0.433,176947.0,0.307,0.0,-8.796,0.65,0.0,0.0635,0.378,178.114
19tXPgV4aFBQNk09toma0r,3a1jueL2ywaBNJABJZWYdQ,0.254,241573.0,0.712,5.0,-4.163,0.154,0.000299,0.168,0.194,127.371
2AVVj8ezW2mJ0v8u7XydiF,3pxCXv0NACYfYnLjFcQW5D,0.512,222827.0,0.865,7.0,-4.146,0.000821,0.0,0.0982,0.529,138.017
04RtvnUz0XrUbUZzOA8ZoW,7617XYtHZvlJPEwWsx4QoX,0.423,187200.0,0.917,1.0,-4.134,2.35e-05,4.35e-05,0.362,0.443,84.085
7jZM5w05mGhw6wTB1okhD9,1gsL8dejAKOjcjpB7sAVAn,0.617,179111.0,0.962,8.0,-5.299,0.0778,0.26,0.373,0.967,134.967
5BcAKTbp20cv7tC5VqPFoC,0lLDaAdXcjOQ7Mf2NXzXay,0.828,292593.0,0.609,1.0,-4.402,0.0916,1.21e-06,0.291,0.707,109.725
2NQEwAVHBNcI0tGMLlWwF1,0RUXHlYhA057fCOe2vqIqu,0.45,255893.0,0.877,9.0,-3.744,0.177,5.87e-06,0.0454,0.167,178.041
7cNNNhdJDrt3vgQjwSavNf,7CgR4Ajbo8JinYI0k9MntV,0.469,223482.0,0.948,1.0,-4.409,0.0103,0.0,0.101,0.43,125.01
7dtJROxWQe3fxxF5t7o67N,0vvG0VEN6l2fbIEUtq3mQD,0.66,224107.0,0.816,0.0,-4.332,0.00976,1.87e-05,0.59,0.66,127.97
2o5jDhtHVPhrJdv3cEQ99Z,06hsNQfguMDrgZMIchRF8f,0.637,257054.0,0.774,1.0,-4.683,0.0702,0.0,0.0521,0.289,128.034
4q0cybSuYSZVkRLOmlSFPB,1FFl0Ci8DnHDlhSAAagS3M,0.816,222173.0,0.757,6.0,-7.15,0.326,0.0,0.167,0.356,115.019
4lxfqrEsLX6N1N4OCSkILp,4WBR1NrOIoPscqNT7XxO8z,0.591,180587.0,0.802,8.0,-6.188,0.148,0.000974,0.268,0.542,120.945
0jnsk9HBra6NMjO2oANoPY,6Knv6wdA0luoMUuuoYi2i1,0.688,192191.0,0.702,7.0,-4.792,0.0215,0.0,0.128,0.74,94.006
4gzpq5DPGxSnKTe4SA8HAU,6nek1Nin9q48AVZcWs9e9D,0.449,278719.0,0.585,5.0,-6.762,0.0522,8.49e-05,0.0833,0.203,139.627
2KsP6tYLJlTBvSUxnwlVWa,7HzCxalzzYQOFb9a7Xs3j6,0.678,198760.0,0.783,7.0,-4.672,0.0331,1.51e-05,0.134,0.679,102.0
7gjAu1qr5C2grXeQFFOGeh,4Sfa7hdVkqlM8UW5LsSY3F,0.566,264493.0,0.755,11.0,-5.526,0.0338,0.0,0.315,0.445,101.006
6hYA3AR8vO2V55cSRqzjpa,0O4dteVsBCD4zxbE5WUSKO,0.765,322560.0,0.765,1.0,-6.007,0.00777,0.00019,0.1,0.445,128.016
6rQCqpJwXe2ucpnXh85NJV,3Op31PESiepbDmc7qR0La2,0.517,245733.0,0.933,1.0,-6.626,0.0248,0.00926,0.301,0.383,126.019
69GGBxA162lTqCwzJG5jLp,1i1fxkWeaMmKEB4T7zqbzK,0.532,208373.0,0.869,11.0,-5.094,0.157,0.00508,0.136,0.422,159.803
6T5tfhQCknKG4UnH90qGnz,42ftjU4cTN5UTRksyqBKZJ,0.771,218440.0,0.76,4.0,-5.459,0.147,0.0,0.053,0.881,119.0
44Ewva5aHOX00EwaX2D2mh,1W7UlocmBtGwykCA7K20S0,0.58,287813.0,0.62,4.0,-4.84,0.234,0.0,0.0932,0.362,128.051
3QLIkT4rD2FMusaqmkepbq,3kSXn1osC89W8JcPLozTzs,0.506,219000.0,0.897,9.0,-4.632,0.146,0.000451,0.0868,0.525,188.03
6FBDaR13swtiWwGhX1WQsP,6sA2vXE2gI7V06zrOcbCBr,0.515,232520.0,0.793,2.0,-4.618,0.00152,1.12e-05,0.222,0.243,145.143
26dSoYclwsYLMAKD3tpOr4,38iU2jg98IZZEIJPrP7aWD,0.693,237947.0,0.705,8.0,-5.747,0.0228,0.0,0.202,0.45,131.951
15EDMg4DaX49QQyxlBzC2f,5N1S2hSuDGV3zPHYJHwaFC,0.581,198840.0,0.831,7.0,-4.978,0.0661,0.0,0.159,0.538,169.977
77t00lrU1uk65snqAdoPnt,7jjWodS7HeqhqPdq0TOK6b,0.553,185757.0,0.719,0.0,-4.254,0.257,0.000538,0.0764,0.327,167.69
77YbJ4a9IlKX18ck6qoot1,0KQ1LhU7vGiXqn7eAw1nfl,0.35,161333.0,0.834,6.0,-3.856,0.00164,1.19e-05,0.149,0.424,192.005
0X2BH1fck6amBIoJhDVmmJ,3ZCDG0nujwGfxrEmZlZoEt,0.661,227423.0,0.819,1.0,-6.118,0.0419,0.0,0.114,0.332,108.985
0jJNGWrpjGIHUdTTJiIYeB,0z1b34WikhOH9ZxU8QDWcv,0.701,312587.0,0.564,2.0,-9.039,0.00106,0.00277,0.0657,0.723,107.533
53M4Iv2RkzzxFFvW2B1jhC,3efE3cxxRZB1bzVElgi0Od,0.638,252044.0,0.837,6.0,-5.021,0.000226,0.0,0.121,0.771,129.95
0niJkG4tKkne3zwr7I8n9n,2BepFzUWfczDk68DXj10w3,0.593,279573.0,0.554,1.0,-9.286,0.476,0.0,0.0804,0.489,151.953
4am1I89OWXUzFh4ctRLkdd,3MYwiHsnNjSfaacdLUHNcz,0.764,261320.0,0.487,0.0,-6.734,0.25,0.0,0.184,0.352,116.027
3f98Nu3n7zuq4DZOlIIOj7,0LGYNrfNABeZSZVzQMLKvZ,0.526,314758.0,0.817,9.0,-6.41,0.0146,0.0,0.498,0.508,141.456
2pH3wEn4eYlMMIIQyKPbVR,6nnacTL5on2aVsRhVDNUSo,0.113,441560.0,0.951,0.0,-4.743,0.00176,0.00718,0.334,0.139,200.024
2RMgYVDRYOGHlqqcushWNU,6lbhkPbkKj6jnPTt1FelVo,0.546,245538.0,0.703,8.0,-3.139,0.00797,0.000327,0.175,0.196,129.868
6BF0bXbsdujMSMeFZBGcBq,3GJZLvGXaVszYdSBLMtJFX,0.478,136892.0,0.906,0.0,-6.781,0.0962,0.919,0.115,0.59,140.021
55Aa2cqylxrFIXC767Z865,3e21cX0CVwzkQXiHz7WUQZ,0.505,229227.0,0.9,1.0,-1.578,0.0763,0.0,0.202,0.391,145.042
2xiIXseIJcq3nG7C8fHeBj,6rUp7v3l8yC4TKxAAR5Bmx,0.498,231480.0,0.83,6.0,-5.157,0.00461,0.0,0.139,0.453,89.342
0B7Y5KDNScTBzeN7DY74YG,2DOAJh50Pa1UNoqGt7dTA9,0.718,323094.0,0.665,1.0,-8.918,0.0594,0.00503,0.0459,0.648,126.059
5YGY8feqx7naU7z4HrwZM6,5Q0Nhxo0l2bP3pNjpGJwV1,0.454,202067.0,0.708,10.0,-4.526,0.00124,0.000181,0.0679,0.483,192.18
5BtHciL0e0zOP7prIHn3pP,0ZEeEZnZ496lE6kN7bmSrp,0.514,252800.0,0.932,1.0,-4.397,0.000225,0.0,0.272,0.453,134.048
2WzaAvm2bBCf4pEhyuDgCY,4h0zU3O9R5xzuTmNO7dNDU,0.71,275280.0,0.0565,7.0,-15.099,0.965,0.0,0.0889,0.348,123.994
5N5RfI8FFXk4WQ8kkjE407,1uzWOoJdADfstQuFtQFTUn,0.628,257373.0,0.829,2.0,-5.484,0.12,0.0,0.097,0.503,110.377
7KMqksf0UMdyA0UCf4R3ux,0vg4WnUWvze6pBOJDTq99k,0.675,209493.0,0.479,0.0,-9.87,0.633,1.76e-05,0.088,0.454,81.998
3Ngh2zDBRPEriyxQDAMKd1,0gbLfFlEyVHiKzlZIb0gce,0.566,212253.0,0.906,0.0,-5.092,0.00452,0.0,0.21,0.787,83.0
7jy3rLJdDQY21OgRLCZ9sD,7x8dCjCr0x6x2lXKujYD34,0.433,269373.0,0.959,9.0,-4.04,0.000917,0.0,0.028,0.365,172.984
5P5FTygHyx2G57oszR3Wot,2tVCFmn2zKg2wGXS1TCIIA,0.483,238701.0,0.907,6.0,-3.166,0.000822,0.0,0.117,0.352,130.984
20JZFwl6HVl6yg8a4H3ZqK,4WdopfTdSd0nCLropjhsgH,0.517,176933.0,0.93,6.0,-3.902,0.0598,0.0,0.35,0.696,170.068
0niJkG4tKkne3zwr7I8n9n,28IEbk5a7twNTbUEvWslUb,0.645,208107.0,0.941,4.0,-3.425,0.169,0.0,0.251,0.881,106.015
5BtHciL0e0zOP7prIHn3pP,4JXfNOePhdgMOI7KZ1L25U,0.351,218467.0,0.869,5.0,-4.035,0.00014,0.000206,0.0886,0.355,182.811
7dGJo4pcD2V6oG8kP0tJRR,7lQ8MOhq6IN2w8EYcFNSUk,0.929,290227.0,0.65,7.0,-2.882,0.00348,0.0,0.308,0.655,112.249
0vEsuISMWAKNctLlUAhSZC,5DiXcVovI0FcY2s0icWWUu,0.581,272507.0,0.817,0.0,-6.542,0.211,1.42e-06,0.246,0.779,141.607
6kXp61QMZFPcKMcRPqoiVj,5yVqBhvmi3sBahhaSYpl27,0.494,227227.0,0.913,4.0,-6.22,0.012,0.0,0.0702,0.663,155.88
4njdEjTnLfcGImKZu1iSrz,5xhQChGGhKLWqBqX4XhtYE,0.825,259102.0,0.435,1.0,-9.582,0.452,0.609,0.0953,0.243,119.038
3BmGtnKgCSGYIUhmivXKWX,0AKAxdNkwq9ZxRdW1DN9zW,0.548,198973.0,0.889,9.0,-4.682,0.00165,0.00109,0.197,0.425,90.048
2sil8z5kiy4r76CRTXxBCA,0eG5CqXwJpa5MBjYyg1lRm,0.371,213200.0,0.845,8.0,-4.199,0.00753,0.0,0.0556,0.471,112.198
7vk5e3vY1uw9plTHJAMwjN,1brwdYwjltrJo7WHpIvbYt,0.589,212627.0,0.651,6.0,-5.097,0.0291,3.2e-06,0.111,0.166,90.011
26plsJBmW5se3wurhwzaEK,6NiXAdF2005XfIrbJ2JCN9,0.648,159582.0,0.306,2.0,-9.101,0.607,1.72e-06,0.119,0.603,163.955
1Xylc3o4UrD53lo9CvFvVg,6WLS56xiRrXjSm9RSdL3zD,0.583,213428.0,0.732,11.0,-5.728,0.00312,9.86e-06,0.269,0.276,145.992
1l8Fu6IkuTP0U5QetQJ5Xt,0SJPThTy7ynySPF4euczx7,0.803,216575.0,0.631,8.0,-4.213,0.102,7.39e-06,0.0858,0.659,104.999
7MRDkEKtdsGcYn11A4qgUL,2S4CfxZG29GZWwDeMtBq2R,0.669,199960.0,0.667,4.0,-3.0,0.00769,0.0,0.0983,0.69,128.103
1LOB7jTeEV14pHai6EXSzF,7iT98FhZ7BAE8xdCxBlw55,0.571,206320.0,0.903,7.0,-2.184,0.0615,1.23e-06,0.186,0.477,127.951
1eJFM2VtMedKWJNnXz4ec3,6x5ezOgpYH0yzNUcoQbSQ0,0.635,215438.0,0.895,0.0,-5.324,0.00157,0.0,0.366,0.778,128.078
0Cd6nHYwecCNM1sVEXKlYr,6vIUovlj8NGi1JfnzVUUBI,0.521,195533.0,0.808,4.0,-3.852,0.0363,0.0,0.227,0.198,140.077
4frytKnOBrer4QVPWynGtX,71o4RblgefcGHIf1MbvJzZ,0.576,157173.0,0.962,8.0,-2.724,0.0215,0.0,0.297,0.684,100.988
6deZN1bslXzeGvOLaLMOIF,5E5AG0JXjvm0gahzh9Q7T1,0.441,219320.0,0.815,3.0,-4.088,0.000731,0.0,0.414,0.522,164.021
4GHa4pyuelazwyhdLo5AwL,2rra99gys30RQEnDvZYXhu,0.618,204293.0,0.903,11.0,-4.625,0.00284,5.18e-06,0.11,0.493,120.082
0iMnpaEHXkgMT956CmP1kj,7ncerCgSFijMXwA4Me5UeS,0.562,203560.0,0.855,10.0,-4.802,0.0579,0.0,0.0941,0.718,124.982
6RQ9kYbHisp1UUbnfwHNeU,3xgcHRYnhbEvxPlKWZbRP6,0.384,264835.0,0.919,11.0,-6.145,0.000181,0.85,0.0809,0.117,174.098
1Cq0LAHFfvUTBEtMPXUidI,32oh9wNU89gmX6CohLTdeG,0.571,255493.0,0.784,11.0,-6.396,0.0175,0.0,0.19,0.462,105.973
7CajNmpbOovFoOoasH2HaY,0azC730Exh71aQlOt9Zj3y,0.63,222160.0,0.928,9.0,-2.787,0.199,0.124,0.148,0.465,123.963
4OSeJ9gDLo8vkCdQpQn0Mh,1eVrXSNRAS706ewEaH1sDW,0.506,245227.0,0.65,2.0,-5.499,0.0416,0.0978,0.0771,0.288,138.007
6yFbpXlBH8XHVQGjUPUvKU,0uAZ41yDTN1nrL60GANOz1,0.566,244187.0,0.679,4.0,-4.901,0.0265,0.0,0.0956,0.395,100.034
77AiFEVeAVj2ORpC85QVJs,1SqHHN5Mqy13gHbDGjTaU7,0.585,243747.0,0.906,4.0,-3.044,0.0268,0.0,0.0482,0.209,128.072
0RpddSzUHfncUWNJXKOsjy,2iUmqdfGZcHIhS3b9E9EWq,0.47,177280.0,0.92,8.0,-3.855,0.00563,0.0,0.349,0.692,154.917
31TPClRtHm23RisEBtV3X7,6JV2JOEocMgcZxYSZelKcc,0.667,236002.0,0.83,0.0,-5.715,0.0123,0.0,0.191,0.701,113.03
7oPftvlwr6VrsViSDV7fJY,3ZffCQKLFLUvYM59XKLbVm,0.546,285653.0,0.814,7.0,-5.146,0.023,0.0,0.0972,0.146,104.98
1AQHAqCjfAC3iitV5bd3ET,1EufsjYcoWOrPnAvdpjMEk,0.264,236000.0,0.766,10.0,-7.296,0.0582,1.09e-06,0.0899,0.554,179.918
6EpI0KjkNHj68gSas65X0q,5u7R9MdyP69YJ1Di9LSKdl,0.48,293907.0,0.267,5.0,-10.662,0.382,0.000677,0.101,0.23,82.024
3AQRLZ9PuTAozP28Skbq8V,4Musyaro0NM5Awx8b5c627,0.609,241467.0,0.629,10.0,-5.024,0.425,0.0,0.0978,0.325,99.955
5PokPZn11xzZXyXSfnvIM3,3oQLJ4CkXlnrFE13CTsk68,0.653,226280.0,0.85,7.0,-5.071,0.000679,0.0,0.0895,0.496,122.735
4xnMDfgEmXZEEDdITKcGuE,33lXq3csEWwYNn6x0sM3Et,0.561,212619.0,0.837,2.0,-2.563,0.0616,0.0,0.254,0.445,126.012
5P5FTygHyx2G57oszR3Wot,0YpzP03QziAgqcZSCtjbl2,0.49,232133.0,0.746,1.0,-4.951,0.0121,0.0,0.0624,0.331,81.848
5nZRtWQI9RFtFr9vlqaqeE,5dBZqgb5v0uH1pTsBs5Fsl,0.676,223320.0,0.82,4.0,-4.088,0.00367,0.0,0.676,0.497,127.939
20JZFwl6HVl6yg8a4H3ZqK,5eB7w8UZJKjL5XmnC6Pctg,0.66,200227.0,0.799,8.0,-4.644,0.106,0.0,0.154,0.475,125.966
64M6ah0SkkRsnPGtGiRAbb,56T1QA7202iW7fZes2PTUe,0.637,263960.0,0.664,3.0,-7.335,0.0451,8.57e-06,0.0976,0.361,128.009
4gzpq5DPGxSnKTe4SA8HAU,6s3GEN8wK0OMzzzZbXj0fu,0.565,212647.0,0.849,0.0,-3.516,0.00868,4.68e-06,0.12,0.427,102.034
7vk5e3vY1uw9plTHJAMwjN,4jvJPG5YNwenlOmyLWSqaq,0.508,250227.0,0.76,6.0,-5.62,0.0242,0.00138,0.13,0.11,125.979
26VFTg2z8YR0cCuwLzESi2,65n4DkUhKUO4tECIabKwy1,0.448,224520.0,0.845,0.0,-4.123,0.0265,4.24e-06,0.376,0.458,127.978
69GGBxA162lTqCwzJG5jLp,1pgyHZNpzYB4aRUdD0dQgI,0.529,240307.0,0.692,1.0,-5.988,0.0187,1.71e-05,0.127,0.29,139.96
0SfsnGyD8FpIN4U4WCkBZ5,2N2Mp4HjnYcmrZ2YqrKedy,0.553,244067.0,0.861,10.0,-6.526,0.00592,0.00144,0.107,0.375,127.966
21mKp7DqtSNHhCAU2ugvUw,6kSoZBTDLlyukdWgLM0TUZ,0.799,293217.0,0.688,6.0,-4.485,0.00304,0.198,0.149,0.107,115.009
2qxJFvFYMEDqd7ui6kSAcq,2ISSQPb9LHHiV6ng2NXosL,0.631,218293.0,0.829,11.0,-4.094,0.00661,4.29e-05,0.0784,0.533,127.985
4AapPt7H6bGH4i7chTulpI,5EQ9yEra0SzVd673ZfKT4C,0.553,243933.0,0.936,9.0,-5.015,0.00338,1.35e-06,0.102,0.412,144.884
69GGBxA162lTqCwzJG5jLp,7BKLCZ1jbUBVqRi2FVlTVw,0.748,244960.0,0.524,8.0,-5.599,0.414,0.0,0.111,0.661,95.01
69GGBxA162lTqCwzJG5jLp,4v1CvZazmdpxQLEt3sCeKH,0.564,230667.0,0.639,4.0,-6.828,0.0127,0.0,0.133,0.0624,126.062
69GGBxA162lTqCwzJG5jLp,2Mh0jU5IyRTQfpyMnvki5Z,0.59,218973.0,0.887,5.0,-2.851,0.276,0.0,0.0798,0.258,126.029
26VFTg2z8YR0cCuwLzESi2,0bejeM4F5fqnFn5I7Gs4Ak,0.57,153657.0,0.62,7.0,-8.117,0.0541,0.000543,0.11,0.195,95.071
28Ky95tmlHktB96DBUoB0g,1CRESO4AuKm5B5Lqodk7t9,0.435,274286.0,0.727,1.0,-6.969,0.0424,4.6e-06,0.105,0.399,174.992
5nGIFgo0shDenQYSE0Sn7c,0COqiPhxzoWICwFCS4eZcp,0.316,235893.0,0.945,4.0,-3.169,0.00895,1.85e-06,0.396,0.32,189.931
5p7f24Rk5HkUZsaS3BLG5F,4Ce37cRWvM1vIGGynKcs22,0.712,181880.0,0.62,4.0,-4.187,0.39,0.0,0.0994,0.494,99.953
2qxJFvFYMEDqd7ui6kSAcq,39rqDP2s2hN1JtXptyeM3u,0.71,195467.0,0.738,5.0,-4.465,0.0776,4.74e-05,0.0795,0.417,127.971
7vk5e3vY1uw9plTHJAMwjN,2WL3Sp2wF47LwBYsQl68NP,0.401,206360.0,0.786,6.0,-4.585,0.00313,0.0,0.13,0.372,89.27
26VFTg2z8YR0cCuwLzESi2,6Xs7OKt6i0Ddq8B4M5Dgvr,0.448,183808.0,0.694,0.0,-5.066,0.0118,0.0,0.34,0.336,86.897
26VFTg2z8YR0cCuwLzESi2,1TnUURhehaoMWKAqQtirm6,0.51,249500.0,0.819,1.0,-4.805,0.066,0.0,0.0794,0.528,100.063
3NPpFNZtSTHheNBaWC82rB,7lGKEWMXVWWTt3X71Bv44I,0.598,193546.0,0.673,9.0,-6.134,0.177,0.000316,0.203,0.255,117.02
2DnqqkzzDKm3vAoyHtn8So,4KoecuyOpZaNFZ0UqVsllc,0.817,218440.0,0.585,5.0,-4.688,0.439,0.0,0.147,0.916,105.014
55Aa2cqylxrFIXC767Z865,7qUJQSNX9QNf46CC6FgH66,0.502,243491.0,0.786,9.0,-4.378,0.255,0.0,0.65,0.739,169.021
7n2wHs1TKAczGzO7Dd2rGr,1rtDwblY1CJ9i490fMzJnc,0.455,187973.0,0.797,10.0,-4.133,0.132,0.0,0.11,0.757,165.717
2oX42qP5ineK3hrhBECLmj,7MapZTlRqFfUteNcghsTwf,0.666,190480.0,0.78,7.0,-5.177,0.044,0.0,0.128,0.795,90.004
0du5cEVh5yTK9QJze8zA0C,7BqBn9nzAq8spo5e7cZ0dJ,0.637,220733.0,0.843,5.0,-5.413,0.0151,0.0,0.0876,0.434,109.012
3NPpFNZtSTHheNBaWC82rB,3xgK660fsZH7ZDcOMfIdfB,0.371,189706.0,0.739,2.0,-4.381,0.000901,0.000229,0.35,0.183,78.004
0du5cEVh5yTK9QJze8zA0C,7l1qvxWjxcKpB9PCtBuTbU,0.577,197373.0,0.397,0.0,-5.98,0.84,0.0,0.0772,0.509,89.044
738wLrAtLtCtFOLvQBXOXp,7zsXy7vlHdItvUSH8EwQss,0.602,185360.0,0.797,6.0,-5.084,0.055,0.0,0.187,0.492,92.928
540vIaP2JwjQb9dm3aArA4,0lYBSQXN6rCTvUZvg9S0lU,0.652,205947.0,0.713,8.0,-5.311,0.0771,1.02e-05,0.144,0.152,100.023
1Xyo4u8uXC1ZmMpatF05PJ,2IY7eOUDjw2ArKYxKa2jXc,0.682,230467.0,0.592,7.0,-7.033,0.169,5.49e-06,0.136,0.5,186.041
632WMoQfBWk76kBz7vMXNg,4wLvmlgcHW5ZkNERDIDv5H,0.501,242093.0,0.743,5.0,-6.379,0.207,1.55e-05,0.0793,0.224,91.01
4IJczjB0fJ04gs4uvP0Fli,77ZdAoTHYoF6Umo76HFD4m,0.592,228533.0,0.926,7.0,-3.469,0.0775,0.0,0.187,0.432,99.018
1KCSPY1glIKqW2TotWuXOR,37Veo3TsREFZKvfZ0CaI4S,0.575,213587.0,0.648,7.0,-4.747,0.0383,0.0,0.364,0.494,92.021
7oPgCQqMMXEXrNau5vxYZP,2M9ro2krNb7nr7HSprkEgo,0.711,296800.0,0.292,4.0,-15.523,0.313,0.0,0.131,0.194,103.951
6jJ0s89eD6GaHleKKya26X,1CwNogTShsnsn1C8UhRmYX,0.546,203475.0,0.645,11.0,-6.4,0.0397,0.0,0.107,0.457,101.578
7r2uG6BlFXKcwmh9ItqlII,7nZBRPj89rgeZ5eBLp2J7P,0.553,222213.0,0.711,0.0,-4.275,0.0216,0.0,0.142,0.293,99.515
60d24wfXkVzDSfLS6hyCjZ,23L5CiUhw2jV1OIMwthR3S,0.501,195707.0,0.519,4.0,-5.88,0.109,0.0,0.454,0.168,133.99
04gDigrS5kc9YWfZHwBETP,0AKejOKlGdiB53QpwAeenO,0.777,214480.0,0.627,7.0,-6.142,0.356,0.0,0.0956,0.444,100.054
0p4nmQO2msCgU4IF37Wi3j,5xEM5hIgJ1jjgcEBfpkt2F,0.585,244507.0,0.776,5.0,-5.898,0.0572,7.74e-06,0.3,0.427,77.987
4u5smJBskI6Adzv08PuiUP,57rOXabUKgkrwHPSqzo4s5,0.556,270222.0,0.762,1.0,-1.961,0.463,0.0,0.0957,0.225,135.013
3OKg7YbOIatODzkRIbLJR4,3VvBPkc24zC7x05mgJTyGO,0.53,290467.0,0.69,1.0,-3.591,0.114,0.00217,0.0969,0.224,107.014
69GGBxA162lTqCwzJG5jLp,2rizacJSyD9S1IQUxUxnsK,0.662,194080.0,0.586,0.0,-8.821,0.097,0.00272,0.115,0.296,90.0
69GGBxA162lTqCwzJG5jLp,0B8B8cVRFIG1yznoQe7c9s,0.627,247427.0,0.717,8.0,-5.751,0.017,0.0,0.261,0.561,105.05
69GGBxA162lTqCwzJG5jLp,5brMyscUnQg14hMriS91ks,0.598,229947.0,0.624,10.0,-6.581,0.00213,2.01e-06,0.117,0.137,128.037
0C8ZW7ezQVs4URX5aX7Kqx,1QNoKVgA758HFLu3TW2q7R,0.749,217907.0,0.881,10.0,-5.446,0.00755,7.81e-05,0.0974,0.337,120.034
1r4hJ1h58CWwUQe3MxPuau,1nO4EGuBjR75IGbFYzqPxO,0.74,212040.0,0.859,0.0,-4.742,0.0365,1.08e-05,0.0639,0.782,130.011
1dfeR4HaWDbWqFHLkxsg1d,7hQJA50XrCWABAu5v6QZ4i,0.559,209413.0,0.855,5.0,-5.077,0.0488,0.000681,0.68,0.605,156.311
3Ngh2zDBRPEriyxQDAMKd1,5l36mPDpqNWrNIRzwJpwYl,0.319,234427.0,0.732,4.0,-4.475,0.0134,0.0,0.658,0.2,80.195
3Ngh2zDBRPEriyxQDAMKd1,77QCfMGmEG334ZR9QR5zAR,0.521,225947.0,0.673,8.0,-8.685,0.00573,0.0,0.12,0.543,108.031
0dEvJpkqhrcn64d3oI8v79,1C0pmryC2MdXfa7MZ9uIrU,0.702,169760.0,0.898,9.0,-6.003,0.00854,0.000154,0.0917,0.731,112.845
0dEvJpkqhrcn64d3oI8v79,3dnY1Rl8JnjP1ZDFGrDzfh,0.521,206000.0,0.919,2.0,-3.146,0.000173,0.00218,0.301,0.746,131.726
1LOB7jTeEV14pHai6EXSzF,1lWoanAmIk1PZisbP5LmwT,0.673,219240.0,0.894,0.0,-2.73,0.148,3.4e-06,0.141,0.63,118.894
3AQRLZ9PuTAozP28Skbq8V,0uH0X2dMFEi0YAKek4sPNg,0.366,261107.0,0.763,9.0,-4.738,0.0613,0.0,0.0636,0.575,128.709
3AQRLZ9PuTAozP28Skbq8V,5ten1YZvGNOGCOAIapxDjh,0.493,273493.0,0.865,1.0,-3.268,0.00796,0.0,0.313,0.301,140.999
6lB8vOoI4DRrrVxXwuV19c,2CPqh63wRVscbceKcPxwvv,0.632,183414.0,0.575,5.0,-6.478,0.0225,1.81e-06,0.104,0.188,90.037
6MDME20pz9RveH9rEXvrOM,5knuzwU65gJK7IF5yJsuaW,0.72,251088.0,0.763,9.0,-4.068,0.406,0.0,0.18,0.742,101.965
6TIYQ3jFPwQSRmorSezPxX,56cswAa9WdFBsjsTyPBAKA,0.674,239280.0,0.694,2.0,-4.739,0.223,0.0,0.183,0.242,137.839
2oX42qP5ineK3hrhBECLmj,4nMlau89VAjmV7agkl7OY3,0.822,198001.0,0.544,0.0,-6.797,0.562,2.4e-05,0.144,0.861,122.047
2wUjUUtkb5lvLKcGKsKqsR,5EbX5xL3O2xT8FxCpYzgUO,0.315,175517.0,0.563,9.0,-9.671,0.173,0.000242,0.0673,0.147,179.484
60wslYioiBcxSTInM4nIy2,4QpGKXfAEIF8TquT7oF4zA,0.468,137427.0,0.437,0.0,-10.384,0.0505,0.0,0.054,0.399,101.027
4IWBUUAFIplrNtaOHcJPRM,1Pw5C4N6Fn5E4mGCxmbbVa,0.4,211240.0,0.564,10.0,-7.444,0.693,0.0,0.0863,0.483,99.269
3FUY2gzHeIiaesXtOAdB7A,2NniAhAtkRACaMeYt48xlD,0.591,247947.0,0.935,6.0,-2.664,0.000284,0.000278,0.142,0.736,140.043
64M6ah0SkkRsnPGtGiRAbb,5LtNBCM2ve0SxP0dlRVvMu,0.474,207775.0,0.537,2.0,-6.77,0.0758,0.0,0.316,0.335,90.103
6lB8vOoI4DRrrVxXwuV19c,3qaYuV5XZAwiOvGE91HhwS,0.561,204504.0,0.8,8.0,-4.576,0.0709,0.000133,0.0934,0.399,96.989
1LOB7jTeEV14pHai6EXSzF,3rwdcyPQ37SSsf1loOpux9,0.542,208133.0,0.894,1.0,-2.879,0.0236,0.0,0.132,0.296,127.947
7CajNmpbOovFoOoasH2HaY,75kMrDKPJJpgEQaXVh7QMB,0.606,232227.0,0.949,7.0,-2.749,0.015,2.76e-05,0.109,0.436,120.031
7qG3b048QCHVRO5Pv1T5lw,0JfAMd3xTqm7ZYhBmQjYzt,0.749,218053.0,0.766,8.0,-4.329,0.0447,0.0,0.0347,0.671,114.998
5LfGQac0EIXyAN8aUwmNAQ,6TfBA04WJ3X1d1wXhaCFVT,0.546,177827.0,0.905,0.0,-3.103,0.00511,0.0,0.211,0.598,126.12
6Wr3hh341P84m3EI8qdn9O,3wuJOi4N0Dd0QtBW0wZUwJ,0.334,195120.0,0.976,10.0,-3.471,0.000942,5.1e-05,0.184,0.547,195.177
0qT79UgT5tY4yudH9VfsdT,2OMqSRS11ly56zg9u5za6c,0.424,158733.0,0.949,7.0,-4.821,0.000859,5.84e-05,0.279,0.528,191.928
69GGBxA162lTqCwzJG5jLp,15vzANxN8G9wWfwAJLLMCg,0.646,221520.0,0.644,2.0,-6.763,0.0243,0.0,0.0888,0.251,99.999
0qT79UgT5tY4yudH9VfsdT,4OeLtiz7L0Rn4OTUm3Au9o,0.467,181653.0,0.852,5.0,-5.105,0.00846,0.0117,0.2,0.53,99.93
25uiPmTg16RbhZWAqwLBy5,0y8Wf6ltWpGCpgqVa21QNX,0.653,219480.0,0.794,7.0,-3.828,0.121,0.0,0.365,0.645,93.008
1xHQO9GJIW9OXHxGBISYc5,5eCkuGPZNl4mISFNPgr3Dd,0.597,197773.0,0.357,3.0,-14.718,0.644,0.00393,0.125,0.059,84.864
2qxJFvFYMEDqd7ui6kSAcq,6uBhi9gBXWjanegOb2Phh0,0.457,210091.0,0.627,5.0,-5.091,0.238,0.0,0.116,0.554,101.384
02A3cEvlLLCbIMVDrK2GHV,2L6orAlH8tBhiFTumIfMyF,0.67,222041.0,0.838,0.0,-4.031,0.0604,0.000611,0.159,0.717,104.998
6eUKZXaKkcviH0Ku9w2n3V,66qlqxhEMpSHOzjRK4il0b,0.461,261154.0,0.834,2.0,-4.868,0.0232,1.14e-05,0.14,0.471,135.007
69GGBxA162lTqCwzJG5jLp,1dNIEtp7AY3oDAKCGg2XkH,0.607,247627.0,0.649,11.0,-6.695,0.0306,2.46e-05,0.174,0.505,102.996
69GGBxA162lTqCwzJG5jLp,619A7U0RtsSEvqJeJdazJ3,0.76,177573.0,0.303,2.0,-11.362,0.238,8.09e-06,0.294,0.15,99.991
0du5cEVh5yTK9QJze8zA0C,5MMLS3xm12D7N26xlfFApr,0.656,147747.0,0.767,11.0,-3.038,0.25,0.0,0.114,0.871,163.834
23zg3TcAtWQy7J6upgbUnj,5sAlmL7Qp9N9BJTADkwEt9,0.616,234693.0,0.862,7.0,-5.18,0.00117,0.0,0.179,0.569,127.992
0daugAjUgbJSqdlyYNwIbT,5BuiZmp7H6hoUN5Fw2lUIp,0.601,223225.0,0.801,5.0,-2.425,0.139,0.0,0.103,0.377,126.955
2C2sVVXanbOpymYBMpsi89,49rpdsNYJirTTf6p6mMvag,0.539,221387.0,0.848,11.0,-5.081,0.0049,0.0,0.272,0.387,124.045
521qvhdobR0GzhvU6TFw76,3LQxo27aEIRGxAypPq9fFs,0.639,337500.0,0.775,9.0,-5.771,0.004,0.000409,0.15,0.265,128.007
7CajNmpbOovFoOoasH2HaY,6gpcs5eMhJwax4mIfKDYQk,0.736,230813.0,0.795,1.0,-3.299,0.498,1.21e-06,0.254,0.511,104.066
5Pwc4xIPtQLFEnJriah9YJ,4QeoDcR16IHpmmgFGQDrCp,0.711,223190.0,0.722,5.0,-3.946,0.062,0.0,0.14,0.477,99.954
5lwmRuXgjX8xIwlnauTZIP,6FwEmbPo3d3USlMzuulT69,0.76,235227.0,0.65,2.0,-5.819,0.514,0.0,0.0737,0.782,122.948
4wLXwxDeWQ8mtUIRPxGiD6,3tm3GG9BBOYhUzKWlS6A74,0.65,251160.0,0.879,8.0,-3.176,0.324,0.0,0.376,0.899,105.015
4V8Sr092TqfHkfAA5fXXqG,7CUYHcu0RnbOnMz4RuN07w,0.618,228200.0,0.793,2.0,-4.777,0.2,0.0,0.106,0.874,88.387
4V8Sr092TqfHkfAA5fXXqG,6rPO02ozF3bM7NnOV4h6s2,0.63,228827.0,0.815,2.0,-4.265,0.222,0.0,0.091,0.813,88.357
0du5cEVh5yTK9QJze8zA0C,1KtU0WCq472KzqCXgMOxkS,0.692,195889.0,0.896,1.0,-4.017,0.0121,6.59e-05,0.199,0.798,134.056
5WUlDfRSoLAfcVSX1WnrxN,1yvMUkIOTeUNtNWlWRgANS,0.468,217747.0,0.779,9.0,-4.839,0.112,0.000373,0.101,0.26,173.799
0ZED1XzwlLHW4ZaG4lOT6m,3abKAw6reL2U3vhAe98ZsY,0.766,181000.0,0.771,8.0,-4.358,0.166,2.51e-06,0.105,0.686,113.946
0eecdvMrqBftK0M1VKhaF4,3AEZUABDXNtecAOSC1qTfo,0.761,222560.0,0.838,4.0,-3.073,0.4,0.0,0.176,0.71,93.974
02kJSzxNuaWGqwubyUba0Z,1Eck97uRMlprKOOJN9oO1E,0.565,225526.0,0.771,1.0,-5.22,0.00464,0.0,0.0568,0.573,168.385
7qG3b048QCHVRO5Pv1T5lw,7nKBxz47S9SD79N086fuhn,0.684,208163.0,0.823,9.0,-3.297,0.0744,0.0,0.111,0.647,91.048
7qG3b048QCHVRO5Pv1T5lw,24Gxm7Eh7tO83E26LG0CsY,0.567,264600.0,0.65,7.0,-5.478,0.135,1.94e-05,0.11,0.154,76.036
1xU878Z1QtBldR7ru9owdU,6ZrlXT6mUMEgomN128iekU,0.642,241640.0,0.808,0.0,-6.406,0.0383,0.00829,0.547,0.273,97.565
521qvhdobR0GzhvU6TFw76,6UiDiFJUGEDzkGpZBL8IYq,0.555,213120.0,0.813,0.0,-5.792,0.0201,0.0,0.165,0.435,125.034
23fqKkggKUBHNkbKtXEls4,12GEpg2XOPyqk03JZEZnJs,0.648,220781.0,0.532,0.0,-6.597,0.0905,0.0,0.0831,0.487,99.983
0C8ZW7ezQVs4URX5aX7Kqx,3viZcRlE38APncWJ5VGM4q,0.426,194827.0,0.766,9.0,-3.228,0.172,0.0,0.0945,0.555,183.955
04gDigrS5kc9YWfZHwBETP,52yOf7Ls1u5AO3cFIzQ58m,0.7,234308.0,0.714,9.0,-6.295,0.122,0.0,0.0428,0.458,99.909
4EzkuveR9pLvDVFNx6foYD,1OwHOfTeJkdRhdqq93y2XV,0.539,224813.0,0.493,2.0,-8.161,0.108,2.21e-06,0.336,0.281,152.03
6XyY86QOPPrYVGvF9ch6wz,32bqxZEJRJObeNyc8bEiPt,0.59,169801.0,0.671,9.0,-6.098,0.0484,0.0,0.0604,0.438,149.982
6Wr3hh341P84m3EI8qdn9O,4OSbctVD37ycS0H3rwRm72,0.253,199387.0,0.969,3.0,-3.46,0.00228,1.88e-05,0.434,0.437,150.93
2xiIXseIJcq3nG7C8fHeBj,1Q2fYlSdwuutWj3QplhY9q,0.185,207587.0,0.948,8.0,-3.892,0.0104,0.0,0.105,0.316,196.578
6FBDaR13swtiWwGhX1WQsP,5JZcX7TTLx4l0xFIXJ3DBt,0.403,148573.0,0.956,6.0,-7.376,0.017,7.09e-05,0.0893,0.561,157.706
3Isy6kedDrgPYoTS1dazA9,1Vb4HQnN2kZ5Y2KgYF5TDV,0.742,221176.0,0.882,7.0,-2.862,0.0466,0.0,0.206,0.463,102.04
6MDME20pz9RveH9rEXvrOM,1x5sYLZiu9r5E43kMlt9f8,0.707,212459.0,0.629,0.0,-4.581,0.259,1.6e-05,0.138,0.457,122.863
6eUKZXaKkcviH0Ku9w2n3V,0tgVpDi06FyKpA1z0VMD4v,0.599,263400.0,0.448,8.0,-6.312,0.163,0.0,0.106,0.168,95.05
6eUKZXaKkcviH0Ku9w2n3V,0afhq8XCExXpqazXczTSve,0.624,170827.0,0.876,9.0,-3.374,0.0735,0.0,0.327,0.781,99.943
7hOGhpa8RMSuDOWntGIAJt,6A8dnC0xkiuWN4BshmTB2I,0.617,194013.0,0.642,8.0,-8.624,0.13,0.157,0.0929,0.221,105.885
5WUlDfRSoLAfcVSX1WnrxN,1Quf5Hv5j6az3QavlmZiQG,0.437,240960.0,0.562,0.0,-6.327,0.162,1.64e-05,0.0838,0.23,81.884
53XhwfbYqKCa1cC15pYq2q,1NtIMM4N0cFa1dNzN15chl,0.772,204347.0,0.78,10.0,-4.288,0.0512,0.0,0.119,0.719,124.988
5YGY8feqx7naU7z4HrwZM6,2habSXqcJGExM6JJyskY7O,0.565,231906.0,0.782,8.0,-6.413,0.0577,4.16e-05,0.0757,0.4,140.004
5YGY8feqx7naU7z4HrwZM6,7FKcbKrAi4uiXosKMNTjQI,0.582,199001.0,0.909,8.0,-2.476,0.00176,0.000214,0.268,0.513,128.024
1XNC9ksvgXeD1xRJruSA5t,5bwZjteR12LZdlWbb3BXWu,0.597,216648.0,0.822,1.0,-2.676,0.378,0.0,0.131,0.518,102.01
7hOGhpa8RMSuDOWntGIAJt,1cYEtxNxSo81m5oAm3vpWQ,0.653,220678.0,0.762,6.0,-7.111,0.371,0.00687,0.0951,0.526,117.977
2l35CQqtYRh3d8ZIiBep4v,3JMAdPq5TUOKBGsTATjLEH,0.554,225747.0,0.767,0.0,-5.043,0.114,0.0,0.231,0.497,122.846
0rvjqX7ttXeg3mTy8Xscbt,7EHmKkyAr6MZv5Y2FdZbXw,0.193,190333.0,0.5,7.0,-9.903,0.108,0.0067,0.332,0.354,207.639
0C8ZW7ezQVs4URX5aX7Kqx,2fZQIJew3nkNe99s2PKzul,0.95,214648.0,0.412,1.0,-6.592,0.177,0.0,0.077,0.73,121.019
7CajNmpbOovFoOoasH2HaY,6BaCraQ9xeLYg4Sb9TBT2X,0.893,223413.0,0.745,11.0,-3.105,0.0642,0.0,0.0943,0.872,101.018
0EmeFodog0BfCgMzAIvKQp,6mICuAdrwEjh6Y6lroV2Kg,0.852,195840.0,0.773,8.0,-2.921,0.187,3.05e-05,0.159,0.907,102.034
55Aa2cqylxrFIXC767Z865,1kMuU3TNQvHbqvXCWBodmP,0.376,271947.0,0.841,3.0,-4.348,0.0435,0.0,0.578,0.463,76.052
06HL4z0CvFAxyc27GXpf02,1vrd6UOGamcKNGnSHJQlSt,0.615,235267.0,0.721,2.0,-3.913,0.151,0.0,0.0925,0.324,119.007
04gDigrS5kc9YWfZHwBETP,6YVpU5vVxezJCYeQUxIkRT,0.795,199849.0,0.611,5.0,-5.224,0.0793,3.04e-06,0.0853,0.404,110.016
69GGBxA162lTqCwzJG5jLp,6cPyTS0Kk2sc4xQwC93kOg,0.624,207520.0,0.806,1.0,-5.957,0.00411,0.0,0.0872,0.528,149.999
4UXqAaa6dQYAk18Lv7PEgX,7cQMJ0wDqVS5iM0JIvP6Ay,0.577,230427.0,0.882,8.0,-5.224,0.00527,0.0,0.257,0.564,115.022
2qxJFvFYMEDqd7ui6kSAcq,2syQ0f4SAQdzvlAewPl1DJ,0.714,204583.0,0.924,1.0,-3.662,0.0245,1.75e-05,0.0532,0.505,107.968
1KCSPY1glIKqW2TotWuXOR,31MkGwj0SWgZaTvEt5Hgxv,0.386,271520.0,0.594,1.0,-6.186,0.0254,3.03e-06,0.0873,0.187,113.843
4gzpq5DPGxSnKTe4SA8HAU,4HXOBjwv2RnLpGG4xWOO6N,0.425,239216.0,0.69,0.0,-6.221,0.00385,0.0154,0.287,0.233,84.99
4gzpq5DPGxSnKTe4SA8HAU,6f49kbOuQSOsStBpyGvQfA,0.45,223773.0,0.92,11.0,-4.982,0.002,0.0201,0.334,0.0773,122.979
4gzpq5DPGxSnKTe4SA8HAU,1yqMgZNrevsWMLWfO2PRp5,0.43,285160.0,0.738,10.0,-7.076,0.0212,0.00165,0.33,0.0944,137.986
06HL4z0CvFAxyc27GXpf02,0lmMtDQ2ElasKU2qDAE6NN,0.602,193293.0,0.747,5.0,-5.739,0.00194,1.64e-05,0.0825,0.52,96.949
4gzpq5DPGxSnKTe4SA8HAU,5qfZRNjt2TkHEL12r3sDEU,0.535,282693.0,0.445,4.0,-9.155,0.456,0.0677,0.112,0.136,146.099
7dGJo4pcD2V6oG8kP0tJRR,15JINEqzVMv3SvJTAXAKED,0.647,263373.0,0.924,10.0,-4.957,0.25,0.0,0.519,0.614,173.962
0qT79UgT5tY4yudH9VfsdT,1HNE2PX70ztbEl6MLxrpNL,0.577,207093.0,0.838,9.0,-5.793,0.000178,1.07e-06,0.0588,0.802,116.048
0qT79UgT5tY4yudH9VfsdT,17XgxMFNzBYv38TEJRC18D,0.356,198493.0,0.929,8.0,-5.464,0.00014,0.00674,0.359,0.694,173.413
4nDoRrQiYLoBzwC5BhVJzF,0ofbQMrRDsUaVKq2mGLEAb,0.768,216897.0,0.517,7.0,-4.323,0.186,3.8e-05,0.104,0.418,104.992
0C8ZW7ezQVs4URX5aX7Kqx,7EmGUiUaOSGDnUUQUDrOXC,0.715,197993.0,0.802,11.0,-4.647,0.139,0.0,0.177,0.327,124.989
6M2wZ9GZgrQXHCFfjv46we,2ekn2ttSfGqwhhate0LSR0,0.762,209320.0,0.7,9.0,-6.021,0.00261,1.56e-05,0.153,0.608,116.073
1vCWHaC5f2uS3yhpwWbIA6,2OALaHcDdKkjYEpAr0Qzab,0.647,181812.0,0.669,5.0,-5.292,0.146,2.14e-05,0.0805,0.229,103.099
23fqKkggKUBHNkbKtXEls4,0Zbbxnx4SGGHoIow4PpISP,0.677,236853.0,0.497,5.0,-5.763,0.152,0.0,0.0911,0.419,99.137
4V8Sr092TqfHkfAA5fXXqG,1zsG4eaZmkA1dvjDDsAGLK,0.724,173720.0,0.895,7.0,-3.617,0.0322,0.0,0.097,0.64,96.022
46gyXjRIvN1NL1eCB8GBxo,3ZsexY07D4t4HRq7ogeSAS,0.465,182827.0,0.896,2.0,-3.126,0.00725,0.0,0.206,0.569,181.014
4kI8Ie27vjvonwaB2ePh8T,6QgjcU0zLnzq5OrUoSZ3OK,0.801,163253.0,0.795,1.0,-5.115,0.0417,0.000113,0.0717,0.754,79.028
06HL4z0CvFAxyc27GXpf02,2x0WlnmfG39ZuDmstl9xfX,0.453,244827.0,0.6,2.0,-6.217,0.00806,0.0,0.111,0.154,159.088
06HL4z0CvFAxyc27GXpf02,2yLa0QULdQr0qAIvVwN6B5,0.616,208187.0,0.776,2.0,-6.519,0.0609,0.0,0.155,0.459,160.053
7CajNmpbOovFoOoasH2HaY,4J7CKHCF3mdL4diUsmW8lq,0.544,184280.0,0.915,8.0,-3.405,0.129,0.000914,0.115,0.51,126.094
2lEOFtf3cCyzomQcMHJGfZ,5HOpkTTVcmZHnthgyxrIL8,0.703,213708.0,0.867,6.0,-4.292,0.107,0.0,0.119,0.546,128.008
4nDoRrQiYLoBzwC5BhVJzF,6VpQdig9pdpTSIFItgkJV5,0.643,227088.0,0.709,0.0,-4.343,0.145,0.000449,0.115,0.264,129.961
5p7f24Rk5HkUZsaS3BLG5F,5Gu0PDLN4YJeW75PpBSg9p,0.663,174800.0,0.708,8.0,-4.154,0.0337,0.0,0.0841,0.742,103.073
46gyXjRIvN1NL1eCB8GBxo,5kjKiLCznooPWDQQGwuxo9,0.388,206839.0,0.966,2.0,-4.244,0.00101,0.0,0.0548,0.508,175.019
0L8ExT028jH3ddEcZwqJJ5,64BbK9SFKH2jk86U3dGj2P,0.458,255373.0,0.795,0.0,-3.265,0.00316,0.000202,0.0756,0.513,123.229
7HV2RI2qNug4EcQqLbCAKS,45aBsnKRWUzhwbcqOJLwfe,0.284,234707.0,0.704,2.0,-7.276,0.00583,0.000115,0.0424,0.1,191.702
23zg3TcAtWQy7J6upgbUnj,4356Typ82hUiFAynbLYbPn,0.663,220800.0,0.861,7.0,-3.398,0.0338,0.0,0.082,0.654,119.963
77t00lrU1uk65snqAdoPnt,0y8UKPyJOluqIuacosTKEv,0.578,184947.0,0.649,0.0,-5.649,0.416,0.00253,0.0869,0.386,168.813
4GvEc3ANtPPjt1ZJllr5Zl,6tHWl8ows5JOZq9Yfaqn3M,0.716,133995.0,0.805,4.0,-3.839,0.014,3.1e-06,0.291,0.719,142.886
6DIS6PRrLS3wbnZsf7vYic,3e0yTP5trHBBVvV32jwXqF,0.472,321280.0,0.844,10.0,-6.578,0.00173,0.0,0.24,0.34,140.034
6DIS6PRrLS3wbnZsf7vYic,3yWsWi2PAo9s6elIhnywIS,0.581,261372.0,0.826,0.0,-4.87,0.00773,1.56e-06,0.792,0.492,100.018
4GITZM5LCR2KcdlgEOrNLD,6sPOmDulFtLzfX25zICNrC,0.66,177533.0,0.512,0.0,-7.183,0.313,0.0,0.283,0.852,133.607
7gAppWoH7pcYmphCVTXkzs,5plDUEEu4r5YEzHL8IhOs1,0.625,193213.0,0.845,1.0,-4.747,0.00279,0.0,0.217,0.567,129.976
2qxJFvFYMEDqd7ui6kSAcq,09IStsImFySgyp0pIQdqAc,0.745,184732.0,0.652,7.0,-3.099,0.198,0.0,0.133,0.409,106.809
46gyXjRIvN1NL1eCB8GBxo,3zGjPxmQpPQUYbrQyincUX,0.449,184943.0,0.941,1.0,-4.374,0.000428,0.0,0.0679,0.672,172.021
46gyXjRIvN1NL1eCB8GBxo,3aAoy02NwrmZcqXYYjqNh2,0.56,224947.0,0.887,7.0,-6.314,0.00388,0.0,0.341,0.198,130.026
53XhwfbYqKCa1cC15pYq2q,0yt31hMKZMiyIEfiBiLD2N,0.675,201240.0,0.674,1.0,-4.984,0.0409,0.0,0.128,0.569,134.941
2YZyLoL8N0Wb9xBt1NhZWg,3GCdLUSnKSMJhs4Tj6CV3s,0.709,232187.0,0.635,5.0,-4.865,0.0538,0.000139,0.098,0.536,96.825
0epOFNiUfyON9EYx7Tpr6V,4fPBB44eDH71YohayI4eKV,0.63,189227.0,0.908,11.0,-2.42,0.0238,0.592,0.116,0.968,120.522
4PCSnq8Q3hxOTn3ro4cl0M,4zXa17K83Pp6N2yXdVc2sv,0.571,179667.0,0.873,4.0,-7.647,0.249,0.0,0.526,0.8,94.233
74XFHRwlV6OrjEM0A2NCMF,1a9YW7fATU351ok4zWjU7a,0.436,253947.0,0.942,9.0,-2.206,9.56e-05,0.000438,0.209,0.5,164.975
0RpddSzUHfncUWNJXKOsjy,1fBl642IhJOE5U319Gy2Go,0.486,212293.0,0.831,5.0,-5.5,0.000392,0.0,0.363,0.8,148.026
0C8ZW7ezQVs4URX5aX7Kqx,514rhnksEwHUh6LxXsQ4Y9,0.6,210240.0,0.683,6.0,-6.271,0.0984,1.26e-06,0.11,0.494,102.036
66CXWjxzNUsdJxJ2JdwvnR,5SxkdsY1ufZzoq9iXceLw9,0.703,205947.0,0.696,0.0,-5.482,0.0375,5.65e-06,0.274,0.366,121.969
4phGZZrJZRo4ElhRtViYdl,1pIMxRddmCGalHnRbLFkWg,0.643,226098.0,0.617,1.0,-4.95,0.192,0.0,0.0989,0.592,82.029
5Rl15oVamLq7FbSb0NNBNy,55S2PQgSMYAhgoTCcGCDfw,0.596,203418.0,0.854,7.0,-5.114,0.0169,0.0,0.124,0.152,120.274
